country,year,production_bcm
Canada,1970,54.016275
Canada,1971,59.055
Canada,1972,66.675
Canada,1973,71.4375
Canada,1974,69.95541
Canada,1975,71.45655
Canada,1976,72.0852
Canada,1977,75.72375
Canada,1978,73.0758
Canada,1979,77.05725
Canada,1980,71.22795
Canada,1981,68.82765
Canada,1982,72.247125
Canada,1983,67.95135
Canada,1984,74.475975
Canada,1985,80.513682
Canada,1986,75.515153
Canada,1987,81.856516
Canada,1988,94.526862
Canada,1989,100.426933
Canada,1990,103.447787
Canada,1991,108.878561
Canada,1992,119.964708
Canada,1993,132.06403
Canada,1994,142.947104
Canada,1995,152.74125
Canada,1996,153.918075
Canada,1997,159.7309
Canada,1998,165.6041
Canada,1999,170.5402
Canada,2000,176.304675
Canada,2001,179.419225
Canada,2002,180.722575
Canada,2003,176.047
Canada,2004,176.7352
Canada,2005,179.15245
Canada,2006,179.3974
Canada,2007,174.679125
Canada,2008,166.4916
Canada,2009,155.050825
Canada,2010,149.591075
Canada,2011,151.071325
Canada,2012,150.3052
Canada,2013,151.92035
Canada,2014,158.9916
Canada,2015,160.755675
Canada,2016,171.80425
Canada,2017,175.601525
Canada,2018,179.0317
Canada,2019,173.104261
Canada,2019,-0.033108
Canada,2019,0.043392
Mexico,1970,11.030307
Mexico,1971,10.918173
Mexico,1972,11.348023
Mexico,1973,12.330594
Mexico,1974,12.926203
Mexico,1975,13.139034
Mexico,1976,12.885493
Mexico,1977,13.665276
Mexico,1978,17.105865
Mexico,1979,20.765465
Mexico,1980,25.115242
Mexico,1981,27.057907
Mexico,1982,28.852311
Mexico,1983,29.096166
Mexico,1984,28.619361
Mexico,1985,27.763768
Mexico,1986,24.661609
Mexico,1987,25.067101
Mexico,1988,25.393229
Mexico,1989,24.376479
Mexico,1990,26.38614
Mexico,1991,26.759097
Mexico,1992,25.937532
Mexico,1993,27.77821
Mexico,1994,29.22301
Mexico,1995,29.186251
Mexico,1996,30.805027
Mexico,1997,31.106472
Mexico,1998,32.934113
Mexico,1999,34.235268
Mexico,2000,33.378669
Mexico,2001,33.140704
Mexico,2002,33.727731
Mexico,2003,34.840408
Mexico,2004,37.027045
Mexico,2005,44.311891
Mexico,2006,48.4522
Mexico,2007,46.858574
Mexico,2008,47.230578
Mexico,2009,52.583051
Mexico,2010,51.177818
Mexico,2011,52.098991
Mexico,2012,50.850187
Mexico,2013,52.488039
Mexico,2014,51.299803
Mexico,2015,47.946948
Mexico,2016,43.651424
Mexico,2017,38.268444
Mexico,2018,35.191028
Mexico,2019,33.99
Mexico,2019,-0.034129
Mexico,2019,0.00852
US,1970,571.462298
US,1971,587.660597
US,1972,585.755008
US,1973,585.22231
US,1974,559.44719
US,1975,518.041471
US,1976,513.820614
US,1977,516.062661
US,1978,513.949859
US,1979,529.541685
US,1980,525.090747
US,1981,519.592719
US,1982,483.189864
US,1983,437.673804
US,1984,474.984378
US,1985,447.881232
US,1986,436.286723
US,1987,451.981153
US,1988,464.187569
US,1989,470.746799
US,1990,483.377927
US,1991,480.808365
US,1992,484.66892
US,1993,490.179925
US,1994,510.330859
US,1995,503.320857
US,1996,510.232079
US,1997,511.5399
US,1998,517.328042
US,1999,510.138047
US,2000,518.600281
US,2001,531.894987
US,2002,511.228764
US,2003,517.855807
US,2004,503.110083
US,2005,489.440806
US,2006,501.724056
US,2007,521.88889
US,2008,546.067473
US,2009,557.582511
US,2010,575.157447
US,2011,617.358547
US,2012,649.124828
US,2013,655.692735
US,2014,704.726482
US,2015,740.303203
US,2016,727.356111
US,2017,746.170711
US,2018,835.86523
US,2019,920.880839
US,2019,0.10171
US,2019,0.230836
Total North America,1970,636.508881
Total North America,1971,657.63377
Total North America,1972,663.778031
Total North America,1973,668.990404
Total North America,1974,642.328803
Total North America,1975,602.637055
Total North America,1976,598.791307
Total North America,1977,605.451687
Total North America,1978,604.131523
Total North America,1979,627.3644
Total North America,1980,621.433939
Total North America,1981,615.478277
Total North America,1982,584.2893
Total North America,1983,534.721321
Total North America,1984,578.079714
Total North America,1985,556.158682
Total North America,1986,536.463484
Total North America,1987,558.904771
Total North America,1988,584.10766
Total North America,1989,595.550211
Total North America,1990,613.211853
Total North America,1991,616.446022
Total North America,1992,630.57116
Total North America,1993,650.022165
Total North America,1994,682.500973
Total North America,1995,685.248358
Total North America,1996,694.955181
Total North America,1997,702.377272
Total North America,1998,715.866255
Total North America,1999,714.913516
Total North America,2000,728.283625
Total North America,2001,744.454916
Total North America,2002,725.67907
Total North America,2003,728.743215
Total North America,2004,716.872328
Total North America,2005,712.905147
Total North America,2006,729.573656
Total North America,2007,743.426589
Total North America,2008,759.789652
Total North America,2009,765.216387
Total North America,2010,775.92634
Total North America,2011,820.528863
Total North America,2012,850.280215
Total North America,2013,860.101124
Total North America,2014,915.017885
Total North America,2015,949.005826
Total North America,2016,942.811785
Total North America,2017,960.04068
Total North America,2018,1050.087957
Total North America,2019,1127.9751
Total North America,2019,0.074172
Total North America,2019,0.282748
Argentina,1970,5.85445
Argentina,1971,6.326599
Argentina,1972,6.01394
Argentina,1973,6.548815
Argentina,1974,7.04868
Argentina,1975,7.48047
Argentina,1976,7.132315
Argentina,1977,7.361825
Argentina,1978,7.595225
Argentina,1979,7.031175
Argentina,1980,8.164624
Argentina,1981,8.495274
Argentina,1982,9.520775
Argentina,1983,12.77865
Argentina,1984,13.1093
Argentina,1985,13.508025
Argentina,1986,15.083475
Argentina,1987,14.733375
Argentina,1988,17.4661
Argentina,1989,18.467775
Argentina,1990,17.3494
Argentina,1991,19.381925
Argentina,1992,19.537525
Argentina,1993,20.9282
Argentina,1994,21.657575
Argentina,1995,24.322225
Argentina,1996,28.134425
Argentina,1997,26.62705
Argentina,1998,28.776275
Argentina,1999,33.619325
Argentina,2000,36.381225
Argentina,2001,36.11865
Argentina,2002,35.116975
Argentina,2003,39.9114
Argentina,2004,43.6458
Argentina,2005,44.375175
Argentina,2006,44.83225
Argentina,2007,43.597175
Argentina,2008,42.84835
Argentina,2009,40.301191
Argentina,2010,38.996996
Argentina,2011,37.717845
Argentina,2012,36.691203
Argentina,2013,34.555854
Argentina,2014,34.48588
Argentina,2015,35.491144
Argentina,2016,37.282356
Argentina,2017,37.149888
Argentina,2018,39.42539
Argentina,2019,41.615817
Argentina,2019,0.055559
Argentina,2019,0.010432
Bolivia,1970,0.041868
Bolivia,1971,0.041868
Bolivia,1972,1.11648
Bolivia,1973,1.72124
Bolivia,1974,1.801487
Bolivia,1975,1.775901
Bolivia,1976,1.830562
Bolivia,1977,1.931743
Bolivia,1978,1.903831
Bolivia,1979,2.08177
Bolivia,1980,2.552785
Bolivia,1981,2.722583
Bolivia,1982,2.823764
Bolivia,1983,2.710953
Bolivia,1984,2.607446
Bolivia,1985,2.584186
Bolivia,1986,2.631869
Bolivia,1987,2.752821
Bolivia,1988,2.909826
Bolivia,1989,3.069157
Bolivia,1990,3.136611
Bolivia,1991,3.118003
Bolivia,1992,2.831123
Bolivia,1993,2.824684
Bolivia,1994,3.045821
Bolivia,1995,3.043367
Bolivia,1996,3.073312
Bolivia,1997,2.590445
Bolivia,1998,2.7055
Bolivia,1999,2.178406
Bolivia,2000,3.122403
Bolivia,2001,4.547095
Bolivia,2002,5.825846
Bolivia,2003,6.695389
Bolivia,2004,9.41988
Bolivia,2005,11.621581
Bolivia,2006,12.445293
Bolivia,2007,13.330193
Bolivia,2008,13.792019
Bolivia,2009,11.881584
Bolivia,2010,13.714502
Bolivia,2011,15.034001
Bolivia,2012,17.139784
Bolivia,2013,19.575464
Bolivia,2014,20.276825
Bolivia,2015,19.560596
Bolivia,2016,18.774545
Bolivia,2017,18.235775
Bolivia,2018,17.036034
Bolivia,2019,14.950344
Bolivia,2019,-0.122428
Bolivia,2019,0.003748
Brazil,1970,0.081101
Brazil,1971,0.128748
Brazil,1972,0.175381
Brazil,1973,0.200726
Brazil,1974,0.386245
Brazil,1975,0.420713
Brazil,1976,0.48458
Brazil,1977,0.60319
Brazil,1978,0.793778
Brazil,1979,0.869811
Brazil,1980,1.016807
Brazil,1981,0.912389
Brazil,1982,1.303702
Brazil,1983,1.762938
Brazil,1984,2.051861
Brazil,1985,2.573951
Brazil,1986,2.997705
Brazil,1987,3.348467
Brazil,1988,3.369756
Brazil,1989,3.454913
Brazil,1990,3.145514
Brazil,1991,3.270061
Brazil,1992,3.704399
Brazil,1993,4.339463
Brazil,1994,4.73917
Brazil,1995,5.230495
Brazil,1996,5.715755
Brazil,1997,6.221663
Brazil,1998,6.517325
Brazil,1999,7.652523
Brazil,2000,7.709713
Brazil,2001,7.873798
Brazil,2002,9.512576
Brazil,2003,10.334111
Brazil,2004,11.365778
Brazil,2005,11.241441
Brazil,2006,11.478472
Brazil,2007,11.557735
Brazil,2008,14.37607
Brazil,2009,12.276942
Brazil,2010,15.020553
Brazil,2011,17.226965
Brazil,2012,19.83285
Brazil,2013,21.949594
Brazil,2014,23.347676
Brazil,2015,23.804495
Brazil,2016,24.123578
Brazil,2017,27.181422
Brazil,2018,25.162357
Brazil,2019,25.818401
Brazil,2019,0.026072
Brazil,2019,0.006472
Colombia,1970,1.249325
Colombia,1971,1.30045
Colombia,1972,1.58855
Colombia,1973,1.646
Colombia,1974,1.71255
Colombia,1975,1.491575
Colombia,1976,1.5148
Colombia,1977,1.717475
Colombia,1978,2.280825
Colombia,1979,2.6056
Colombia,1980,2.784475
Colombia,1981,3.0519
Colombia,1982,3.2536
Colombia,1983,3.57455
Colombia,1984,3.634075
Colombia,1985,3.70675
Colombia,1986,3.61265
Colombia,1987,3.806925
Colombia,1988,3.671075
Colombia,1989,3.71025
Colombia,1990,3.9246
Colombia,1991,3.88615
Colombia,1992,3.9809
Colombia,1993,3.897375
Colombia,1994,4.02045
Colombia,1995,4.2149
Colombia,1996,4.54685
Colombia,1997,5.674
Colombia,1998,6.48955
Colombia,1999,5.6929
Colombia,2000,5.735807
Colombia,2001,5.938993
Colombia,2002,5.998681
Colombia,2003,5.74998
Colombia,2004,6.13482
Colombia,2005,6.446344
Colombia,2006,6.764682
Colombia,2007,7.257884
Colombia,2008,8.718864
Colombia,2009,10.11182
Colombia,2010,10.843388
Colombia,2011,10.545846
Colombia,2012,11.525648
Colombia,2013,13.223476
Colombia,2014,12.332834
Colombia,2015,11.610316
Colombia,2016,12.020202
Colombia,2017,12.287946
Colombia,2018,12.856518
Colombia,2019,13.193889
Colombia,2019,0.026241
Colombia,2019,0.003307
Peru,1970,0.397513
Peru,1971,0.474513
Peru,1972,0.456225
Peru,1973,0.4466
Peru,1974,0.460075
Peru,1975,0.567875
Peru,1976,0.616
Peru,1977,0.611669
Peru,1978,0.6391
Peru,1979,0.590975
Peru,1980,0.63525
Peru,1981,0.729575
Peru,1982,0.765669
Peru,1983,0.50435
Peru,1984,0.68145
Peru,1985,0.5313
Peru,1986,0.563544
Peru,1987,0.560175
Peru,1988,0.528413
Peru,1989,0.448044
Peru,1990,0.428794
Peru,1991,0.402325
Peru,1992,0.362862
Peru,1993,0.382113
Peru,1994,0.398475
Peru,1995,0.385963
Peru,1996,0.391738
Peru,1997,0.231962
Peru,1998,0.393663
Peru,1999,0.395588
Peru,2000,0.332544
Peru,2001,0.356125
Peru,2002,0.425425
Peru,2003,0.503387
Peru,2004,0.82775
Peru,2005,1.45997
Peru,2006,1.708644
Peru,2007,2.575199
Peru,2008,3.497943
Peru,2009,3.5858
Peru,2010,7.314946
Peru,2011,11.480541
Peru,2012,11.958075
Peru,2013,12.399126
Peru,2014,13.12723
Peru,2015,12.656717
Peru,2016,14.018435
Peru,2017,13.010747
Peru,2018,12.788531
Peru,2019,13.499944
Peru,2019,0.055629
Peru,2019,0.003384
Trinidad & Tobago,1970,1.776757
Trinidad & Tobago,1971,1.8635
Trinidad & Tobago,1972,1.926075
Trinidad & Tobago,1973,1.8498
Trinidad & Tobago,1974,1.689975
Trinidad & Tobago,1975,1.535975
Trinidad & Tobago,1976,1.728825
Trinidad & Tobago,1977,2.03215
Trinidad & Tobago,1978,2.426025
Trinidad & Tobago,1979,2.50765
Trinidad & Tobago,1980,2.83325
Trinidad & Tobago,1981,3.12095
Trinidad & Tobago,1982,3.793125
Trinidad & Tobago,1983,3.929725
Trinidad & Tobago,1984,4.1176
Trinidad & Tobago,1985,4.2152
Trinidad & Tobago,1986,4.31345
Trinidad & Tobago,1987,4.56935
Trinidad & Tobago,1988,5.259425
Trinidad & Tobago,1989,5.269475
Trinidad & Tobago,1990,5.463375
Trinidad & Tobago,1991,5.535165
Trinidad & Tobago,1992,5.348801
Trinidad & Tobago,1993,6.003314
Trinidad & Tobago,1994,6.875722
Trinidad & Tobago,1995,7.381322
Trinidad & Tobago,1996,8.334405
Trinidad & Tobago,1997,9.044336
Trinidad & Tobago,1998,9.044336
Trinidad & Tobago,1999,11.407534
Trinidad & Tobago,2000,13.830671
Trinidad & Tobago,2001,14.714866
Trinidad & Tobago,2002,17.262419
Trinidad & Tobago,2003,25.185416
Trinidad & Tobago,2004,28.578665
Trinidad & Tobago,2005,30.010345
Trinidad & Tobago,2006,35.560271
Trinidad & Tobago,2007,37.703344
Trinidad & Tobago,2008,37.399516
Trinidad & Tobago,2009,38.55821
Trinidad & Tobago,2010,40.29303
Trinidad & Tobago,2011,38.685216
Trinidad & Tobago,2012,38.532407
Trinidad & Tobago,2013,38.74726
Trinidad & Tobago,2014,38.067205
Trinidad & Tobago,2015,35.955857
Trinidad & Tobago,2016,31.281698
Trinidad & Tobago,2017,31.872928
Trinidad & Tobago,2018,33.961113
Trinidad & Tobago,2019,34.56089
Trinidad & Tobago,2019,0.017661
Trinidad & Tobago,2019,0.008663
Venezuela,1970,8.5581
Venezuela,1971,8.29392
Venezuela,1972,8.24397
Venezuela,1973,10.15539
Venezuela,1974,10.73259
Venezuela,1975,10.43844
Venezuela,1976,12.94038
Venezuela,1977,14.125305
Venezuela,1978,14.25351
Venezuela,1979,15.96402
Venezuela,1980,16.434105
Venezuela,1981,16.522905
Venezuela,1982,17.63013
Venezuela,1983,17.3604
Venezuela,1984,19.203
Venezuela,1985,19.231305
Venezuela,1986,21.17214
Venezuela,1987,20.63157
Venezuela,1988,21.12108
Venezuela,1989,21.68718
Venezuela,1990,24.381705
Venezuela,1991,24.31122
Venezuela,1992,23.99598
Venezuela,1993,25.89519
Venezuela,1994,27.389805
Venezuela,1995,30.52611
Venezuela,1996,33.00141
Venezuela,1997,34.2213
Venezuela,1998,35.892405
Venezuela,1999,30.4251
Venezuela,2000,30.99564
Venezuela,2001,32.84823
Venezuela,2002,31.541205
Venezuela,2003,27.99864
Venezuela,2004,31.52955
Venezuela,2005,30.43509
Venezuela,2006,34.94502
Venezuela,2007,37.24716
Venezuela,2008,33.42321
Venezuela,2009,31.79595
Venezuela,2010,30.45174
Venezuela,2011,30.2364
Venezuela,2012,31.90473
Venezuela,2013,30.59049
Venezuela,2014,31.78818
Venezuela,2015,36.06501
Venezuela,2016,37.238734
Venezuela,2017,38.605388
Venezuela,2018,31.6191
Venezuela,2019,26.455813
Venezuela,2019,-0.163296
Venezuela,2019,0.006632
Other S. & Cent. America,1970,0.740567
Other S. & Cent. America,1971,0.779809
Other S. & Cent. America,1972,0.749046
Other S. & Cent. America,1973,0.577447
Other S. & Cent. America,1974,0.660133
Other S. & Cent. America,1975,0.758025
Other S. & Cent. America,1976,1.178705
Other S. & Cent. America,1977,1.273433
Other S. & Cent. America,1978,1.45147
Other S. & Cent. America,1979,0.93017
Other S. & Cent. America,1980,0.832865
Other S. & Cent. America,1981,0.842884
Other S. & Cent. America,1982,0.890079
Other S. & Cent. America,1983,0.974827
Other S. & Cent. America,1984,1.031973
Other S. & Cent. America,1985,1.06571
Other S. & Cent. America,1986,0.988664
Other S. & Cent. America,1987,0.974122
Other S. & Cent. America,1988,1.303762
Other S. & Cent. America,1989,1.85351
Other S. & Cent. America,1990,2.394839
Other S. & Cent. America,1991,2.539197
Other S. & Cent. America,1992,2.772883
Other S. & Cent. America,1993,2.2894
Other S. & Cent. America,1994,2.991827
Other S. & Cent. America,1995,2.862248
Other S. & Cent. America,1996,2.917408
Other S. & Cent. America,1997,2.793299
Other S. & Cent. America,1998,2.649012
Other S. & Cent. America,1999,3.26726
Other S. & Cent. America,2000,3.611456
Other S. & Cent. America,2001,3.795218
Other S. & Cent. America,2002,3.534346
Other S. & Cent. America,2003,3.255251
Other S. & Cent. America,2004,3.529341
Other S. & Cent. America,2005,3.788928
Other S. & Cent. America,2006,4.071863
Other S. & Cent. America,2007,3.984207
Other S. & Cent. America,2008,3.830327
Other S. & Cent. America,2009,3.800578
Other S. & Cent. America,2010,3.787941
Other S. & Cent. America,2011,3.155334
Other S. & Cent. America,2012,2.985921
Other S. & Cent. America,2013,2.732606
Other S. & Cent. America,2014,2.623627
Other S. & Cent. America,2015,2.895668
Other S. & Cent. America,2016,3.127752
Other S. & Cent. America,2017,3.09282
Other S. & Cent. America,2018,3.308983
Other S. & Cent. America,2019,3.481964
Other S. & Cent. America,2019,0.052276
Other S. & Cent. America,2019,0.000873
Total S. & Cent. America,1970,18.699681
Total S. & Cent. America,1971,19.209406
Total S. & Cent. America,1972,20.269667
Total S. & Cent. America,1973,23.146018
Total S. & Cent. America,1974,24.491735
Total S. & Cent. America,1975,24.468974
Total S. & Cent. America,1976,27.426167
Total S. & Cent. America,1977,29.65679
Total S. & Cent. America,1978,31.343764
Total S. & Cent. America,1979,32.581171
Total S. & Cent. America,1980,35.254161
Total S. & Cent. America,1981,36.39846
Total S. & Cent. America,1982,39.980844
Total S. & Cent. America,1983,43.596393
Total S. & Cent. America,1984,46.436705
Total S. & Cent. America,1985,47.416427
Total S. & Cent. America,1986,51.363496
Total S. & Cent. America,1987,51.376805
Total S. & Cent. America,1988,55.629437
Total S. & Cent. America,1989,57.960304
Total S. & Cent. America,1990,60.224837
Total S. & Cent. America,1991,62.444046
Total S. & Cent. America,1992,62.534474
Total S. & Cent. America,1993,66.559737
Total S. & Cent. America,1994,71.118845
Total S. & Cent. America,1995,77.96663
Total S. & Cent. America,1996,86.115302
Total S. & Cent. America,1997,87.404056
Total S. & Cent. America,1998,92.468066
Total S. & Cent. America,1999,94.638636
Total S. & Cent. America,2000,101.719458
Total S. & Cent. America,2001,106.192975
Total S. & Cent. America,2002,109.217472
Total S. & Cent. America,2003,119.633574
Total S. & Cent. America,2004,135.031584
Total S. & Cent. America,2005,139.378875
Total S. & Cent. America,2006,151.806495
Total S. & Cent. America,2007,157.252898
Total S. & Cent. America,2008,157.886299
Total S. & Cent. America,2009,152.312076
Total S. & Cent. America,2010,160.423096
Total S. & Cent. America,2011,164.082149
Total S. & Cent. America,2012,170.570617
Total S. & Cent. America,2013,173.773869
Total S. & Cent. America,2014,176.049457
Total S. & Cent. America,2015,178.039802
Total S. & Cent. America,2016,177.867302
Total S. & Cent. America,2017,181.436913
Total S. & Cent. America,2018,176.158026
Total S. & Cent. America,2019,173.577062
Total S. & Cent. America,2019,-0.014651
Total S. & Cent. America,2019,0.04351
Denmark,1970,0.0
Denmark,1971,0.0
Denmark,1972,0.0
Denmark,1973,0.0
Denmark,1974,0.0
Denmark,1975,0.0
Denmark,1976,0.0
Denmark,1977,0.0
Denmark,1978,0.0
Denmark,1979,0.0
Denmark,1980,0.0
Denmark,1981,0.0
Denmark,1982,0.0
Denmark,1983,0.0
Denmark,1984,0.24186
Denmark,1985,1.169685
Denmark,1986,1.983878
Denmark,1987,2.528584
Denmark,1988,2.497309
Denmark,1989,3.20256
Denmark,1990,3.270323
Denmark,1991,4.108823
Denmark,1992,4.2799
Denmark,1993,4.69529
Denmark,1994,5.087366
Denmark,1995,5.508505
Denmark,1996,6.693522
Denmark,1997,8.193912
Denmark,1998,7.8867
Denmark,1999,8.085002
Denmark,2000,8.499486
Denmark,2001,8.73835
Denmark,2002,8.84231
Denmark,2003,8.376554
Denmark,2004,9.875831
Denmark,2005,10.913009
Denmark,2006,10.842959
Denmark,2007,9.615171
Denmark,2008,10.490116
Denmark,2009,8.756752
Denmark,2010,8.535939
Denmark,2011,6.857123
Denmark,2012,5.991195
Denmark,2013,4.973585
Denmark,2014,4.800654
Denmark,2015,4.793545
Denmark,2016,4.700103
Denmark,2017,5.050029
Denmark,2018,4.292761
Denmark,2019,3.202557
Denmark,2019,-0.253963
Denmark,2019,0.000803
Germany,1970,12.012975
Germany,1971,14.799725
Germany,1972,17.718575
Germany,1973,19.83745
Germany,1974,20.6037
Germany,1975,19.1252
Germany,1976,19.720975
Germany,1977,19.6066
Germany,1978,20.27125
Germany,1979,20.300475
Germany,1980,18.48155
Germany,1981,18.932575
Germany,1982,16.62025
Germany,1983,18.3713
Germany,1984,18.05255
Germany,1985,17.1077
Germany,1986,14.01515
Germany,1987,15.73055
Germany,1988,14.638425
Germany,1989,15.32025
Germany,1990,15.024625
Germany,1991,15.395282
Germany,1992,15.615969
Germany,1993,15.540355
Germany,1994,16.292095
Germany,1995,16.811719
Germany,1996,18.206174
Germany,1997,17.896686
Germany,1998,17.486966
Germany,1999,18.67832
Germany,2000,17.665449
Germany,2001,17.833382
Germany,2002,17.786782
Germany,2003,18.515662
Germany,2004,17.133516
Germany,2005,16.542675
Germany,2006,16.342211
Germany,2007,14.969736
Germany,2008,13.635068
Germany,2009,12.746168
Germany,2010,11.123993
Germany,2011,10.465451
Germany,2012,9.461373
Germany,2013,8.604125
Germany,2014,8.082743
Germany,2015,7.524433
Germany,2016,6.923041
Germany,2017,6.376161
Germany,2018,5.541774
Germany,2019,5.330759
Germany,2019,-0.038077
Germany,2019,0.001336
Italy,1970,12.58155
Italy,1971,12.8202
Italy,1972,13.587325
Italy,1973,14.67525
Italy,1974,14.64845
Italy,1975,13.961825
Italy,1976,15.002875
Italy,1977,13.1612
Italy,1978,13.1455
Italy,1979,12.82585
Italy,1980,11.935625
Italy,1981,13.375875
Italy,1982,13.734075
Italy,1983,12.31495
Italy,1984,13.033925
Italy,1985,13.419225
Italy,1986,15.037625
Italy,1987,15.411825
Italy,1988,15.664075
Italy,1989,16.011275
Italy,1990,16.3166
Italy,1991,16.411075
Italy,1992,17.135075
Italy,1993,18.23775
Italy,1994,19.242625
Italy,1995,19.0112
Italy,1996,19.030875
Italy,1997,18.485885
Italy,1998,18.238166
Italy,1999,16.768134
Italy,2000,15.958686
Italy,2001,14.624725
Italy,2002,14.030432
Italy,2003,13.322165
Italy,2004,12.435959
Italy,2005,11.582317
Italy,2006,10.534454
Italy,2007,9.312675
Italy,2008,8.815178
Italy,2009,7.632395
Italy,2010,8.006565
Italy,2011,8.047827
Italy,2012,8.195804
Italy,2013,7.367495
Italy,2014,6.809556
Italy,2015,6.449688
Italy,2016,5.509763
Italy,2017,5.273059
Italy,2018,5.189197
Italy,2019,4.621247
Italy,2019,-0.109448
Italy,2019,0.001158
Netherlands,1970,27.916667
Netherlands,1971,38.583333
Netherlands,1972,51.444444
Netherlands,1973,62.555556
Netherlands,1974,74.166667
Netherlands,1975,80.333333
Netherlands,1976,85.833333
Netherlands,1977,86.111111
Netherlands,1978,78.833333
Netherlands,1979,82.666667
Netherlands,1980,79.944444
Netherlands,1981,74.222222
Netherlands,1982,63.472222
Netherlands,1983,67.583333
Netherlands,1984,68.416667
Netherlands,1985,71.638889
Netherlands,1986,65.5
Netherlands,1987,65.611111
Netherlands,1988,57.916667
Netherlands,1989,63.305556
Netherlands,1990,63.416667
Netherlands,1991,71.7
Netherlands,1992,72.005556
Netherlands,1993,73.4
Netherlands,1994,69.627778
Netherlands,1995,70.783333
Netherlands,1996,80.108333
Netherlands,1997,70.95
Netherlands,1998,67.677778
Netherlands,1999,62.933333
Netherlands,2000,61.361111
Netherlands,2001,64.647222
Netherlands,2002,63.519444
Netherlands,2003,60.716667
Netherlands,2004,71.616667
Netherlands,2005,65.333333
Netherlands,2006,64.502778
Netherlands,2007,62.002778
Netherlands,2008,70.908333
Netherlands,2009,65.5
Netherlands,2010,75.266667
Netherlands,2011,69.497222
Netherlands,2012,68.402778
Netherlands,2013,72.405556
Netherlands,2014,60.386111
Netherlands,2015,45.872222
Netherlands,2016,44.286111
Netherlands,2017,38.527778
Netherlands,2018,32.297222
Netherlands,2019,28.090275
Netherlands,2019,-0.130257
Netherlands,2019,0.007041
Norway,1970,0.0
Norway,1971,0.0
Norway,1972,0.0
Norway,1973,0.0
Norway,1974,0.0
Norway,1975,0.0
Norway,1976,0.0
Norway,1977,2.634988
Norway,1978,14.094239
Norway,1979,20.514702
Norway,1980,24.900155
Norway,1981,24.763989
Norway,1982,23.780337
Norway,1983,23.435478
Norway,1984,25.767876
Norway,1985,25.989262
Norway,1986,25.89403
Norway,1987,27.939754
Norway,1988,28.117098
Norway,1989,28.522198
Norway,1990,25.288355
Norway,1991,24.839309
Norway,1992,25.639907
Norway,1993,24.617819
Norway,1994,26.640296
Norway,1995,27.604998
Norway,1996,37.117458
Norway,1997,42.622638
Norway,1998,43.863105
Norway,1999,48.107261
Norway,2000,49.422477
Norway,2001,53.631215
Norway,2002,65.10194
Norway,2003,72.41274
Norway,2004,78.585029
Norway,2005,85.198779
Norway,2006,88.003284
Norway,2007,89.63257
Norway,2008,99.359481
Norway,2009,103.600723
Norway,2010,106.445904
Norway,2011,100.506817
Norway,2012,113.862244
Norway,2013,107.930244
Norway,2014,108.007771
Norway,2015,116.238362
Norway,2016,115.890555
Norway,2017,123.219227
Norway,2018,121.286866
Norway,2019,114.38537
Norway,2019,-0.056902
Norway,2019,0.028673
Poland,1970,5.119325
Poland,1971,5.279025
Poland,1972,5.584075
Poland,1973,5.664775
Poland,1974,5.483525
Poland,1975,5.643775
Poland,1976,6.14325
Poland,1977,6.4661
Poland,1978,6.933525
Poland,1979,6.2208
Poland,1980,5.283525
Poland,1981,4.6959
Poland,1982,4.3278
Poland,1983,4.231125
Poland,1984,4.64745
Poland,1985,4.8062
Poland,1986,4.363425
Poland,1987,4.3837
Poland,1988,4.3505
Poland,1989,4.028375
Poland,1990,2.765525
Poland,1991,3.0915
Poland,1992,2.97705
Poland,1993,3.8041
Poland,1994,3.604525
Poland,1995,3.6858
Poland,1996,3.652025
Poland,1997,3.7264
Poland,1998,3.778125
Poland,1999,3.60785
Poland,2000,3.85345
Poland,2001,4.061225
Poland,2002,4.150925
Poland,2003,4.199925
Poland,2004,4.56545
Poland,2005,4.5175
Poland,2006,4.51285
Poland,2007,4.531861
Poland,2008,4.291306
Poland,2009,4.279722
Poland,2010,4.294917
Poland,2011,4.477361
Poland,2012,4.543583
Poland,2013,4.446306
Poland,2014,4.333722
Poland,2015,4.28325
Poland,2016,4.131806
Poland,2017,4.04
Poland,2018,3.981306
Poland,2019,3.98603
Poland,2019,0.001187
Poland,2019,0.000999
Romania,1970,21.742856
Romania,1971,23.236146
Romania,1972,23.768698
Romania,1973,25.163677
Romania,1974,25.971591
Romania,1975,28.212225
Romania,1976,30.773414
Romania,1977,32.58959
Romania,1978,32.812302
Romania,1979,31.352559
Romania,1980,32.373401
Romania,1981,34.074959
Romania,1982,34.452358
Romania,1983,34.188645
Romania,1984,33.9445
Romania,1985,32.445153
Romania,1986,32.834201
Romania,1987,31.205793
Romania,1988,30.559089
Romania,1989,27.394526
Romania,1990,26.645275
Romania,1991,23.32685
Romania,1992,20.482325
Romania,1993,19.492025
Romania,1994,17.23985
Romania,1995,16.8003
Romania,1996,16.00755
Romania,1997,13.84895
Romania,1998,12.9669
Romania,1999,13.0167
Romania,2000,12.755925
Romania,2001,12.5374
Romania,2002,12.3266
Romania,2003,12.128375
Romania,2004,12.068975
Romania,2005,11.282625
Romania,2006,11.1164
Romania,2007,10.737675
Romania,2008,10.45835
Romania,2009,10.3954
Romania,2010,10.02345
Romania,2011,10.0795
Romania,2012,10.097975
Romania,2013,10.0019
Romania,2014,10.1943
Romania,2015,10.217225
Romania,2016,9.052775
Romania,2017,10.011401
Romania,2018,9.95765
Romania,2019,9.676328
Romania,2019,-0.028252
Romania,2019,0.002426
Ukraine,1985,40.582104
Ukraine,1986,37.572517
Ukraine,1987,33.692232
Ukraine,1988,30.663717
Ukraine,1989,29.149459
Ukraine,1990,26.594149
Ukraine,1991,23.092429
Ukraine,1992,19.874631
Ukraine,1993,18.171091
Ukraine,1994,17.22468
Ukraine,1995,16.068166
Ukraine,1996,16.244199
Ukraine,1997,16.485533
Ukraine,1998,15.863741
Ukraine,1999,15.990087
Ukraine,2000,15.788029
Ukraine,2001,16.156182
Ukraine,2002,17.678958
Ukraine,2003,18.296964
Ukraine,2004,19.366409
Ukraine,2005,19.673992
Ukraine,2006,19.963594
Ukraine,2007,19.973058
Ukraine,2008,20.294838
Ukraine,2009,20.337426
Ukraine,2010,19.427925
Ukraine,2011,19.544334
Ukraine,2012,19.392908
Ukraine,2013,20.158555
Ukraine,2014,20.219125
Ukraine,2015,18.833579
Ukraine,2016,19.022861
Ukraine,2017,19.401426
Ukraine,2018,19.685349
Ukraine,2019,19.590708
Ukraine,2019,-0.004808
Ukraine,2019,0.004911
United Kingdom,1970,10.949645
United Kingdom,1971,18.196298
United Kingdom,1972,26.255888
United Kingdom,1973,28.507456
United Kingdom,1974,34.380606
United Kingdom,1975,35.800629
United Kingdom,1976,37.912637
United Kingdom,1977,39.612943
United Kingdom,1978,37.933571
United Kingdom,1979,38.304568
United Kingdom,1980,36.414693
United Kingdom,1981,36.333283
United Kingdom,1982,36.928739
United Kingdom,1983,38.077783
United Kingdom,1984,37.224141
United Kingdom,1985,41.531893
United Kingdom,1986,43.664835
United Kingdom,1987,45.714041
United Kingdom,1988,44.023039
United Kingdom,1989,43.111247
United Kingdom,1990,47.603916
United Kingdom,1991,53.002562
United Kingdom,1992,53.899235
United Kingdom,1993,63.369544
United Kingdom,1994,67.654036
United Kingdom,1995,74.04534
United Kingdom,1996,88.06077
United Kingdom,1997,89.85087
United Kingdom,1998,94.39731
United Kingdom,1999,103.7367
United Kingdom,2000,113.45904
United Kingdom,2001,110.81367
United Kingdom,2002,108.48645
United Kingdom,2003,107.806107
United Kingdom,2004,100.913141
United Kingdom,2005,92.339024
United Kingdom,2006,83.74842
United Kingdom,2007,75.492836
United Kingdom,2008,72.770565
United Kingdom,2009,61.205748
United Kingdom,2010,57.900933
United Kingdom,2011,46.082528
United Kingdom,2012,39.192385
United Kingdom,2013,36.98038
United Kingdom,2014,37.431513
United Kingdom,2015,40.661183
United Kingdom,2016,41.738189
United Kingdom,2017,41.884649
United Kingdom,2018,40.519095
United Kingdom,2019,39.629396
United Kingdom,2019,-0.021958
United Kingdom,2019,0.009934
Other Europe,1970,14.607863
Other Europe,1971,15.268535
Other Europe,1972,16.023696
Other Europe,1973,17.278402
Other Europe,1974,17.66013
Other Europe,1975,17.555446
Other Europe,1976,18.068043
Other Europe,1977,19.499021
Other Europe,1978,20.673523
Other Europe,1979,19.99853
Other Europe,1980,19.221167
Other Europe,1981,18.377957
Other Europe,1982,18.922706
Other Europe,1983,18.686331
Other Europe,1984,18.829092
Other Europe,1985,19.043296
Other Europe,1986,17.489876
Other Europe,1987,17.726871
Other Europe,1988,17.08364
Other Europe,1989,17.576736
Other Europe,1990,16.27073
Other Europe,1991,16.418098
Other Europe,1992,15.972433
Other Europe,1993,16.524134
Other Europe,1994,15.398125
Other Europe,1995,15.946629
Other Europe,1996,14.818468
Other Europe,1997,13.466852
Other Europe,1998,12.338776
Other Europe,1999,11.626386
Other Europe,2000,11.16137
Other Europe,2001,10.85049
Other Europe,2002,10.814017
Other Europe,2003,10.375277
Other Europe,2004,10.848751
Other Europe,2005,10.197141
Other Europe,2006,10.804753
Other Europe,2007,10.001008
Other Europe,2008,9.44516
Other Europe,2009,9.251318
Other Europe,2010,9.348621
Other Europe,2011,9.249727
Other Europe,2012,8.370889
Other Europe,2013,7.156851
Other Europe,2014,6.331949
Other Europe,2015,6.076733
Other Europe,2016,8.678465
Other Europe,2017,8.984776
Other Europe,2018,8.460162
Other Europe,2019,7.365249
Other Europe,2019,-0.12942
Other Europe,2019,0.001846
Total Europe,1970,104.930881
Total Europe,1971,128.183262
Total Europe,1972,154.382701
Total Europe,1973,173.682566
Total Europe,1974,192.914669
Total Europe,1975,200.632433
Total Europe,1976,213.454528
Total Europe,1977,219.681554
Total Europe,1978,224.697244
Total Europe,1979,232.184151
Total Europe,1980,228.55456
Total Europe,1981,224.77676
Total Europe,1982,212.238487
Total Europe,1983,216.888945
Total Europe,1984,220.15806
Total Europe,1985,267.733407
Total Europe,1986,258.355536
Total Europe,1987,259.944462
Total Europe,1988,245.513559
Total Europe,1989,247.622182
Total Europe,1990,243.196165
Total Europe,1991,251.385928
Total Europe,1992,247.88208
Total Europe,1993,257.852108
Total Europe,1994,258.011376
Total Europe,1995,266.265991
Total Europe,1996,299.939375
Total Europe,1997,295.527726
Total Europe,1998,294.497566
Total Europe,1999,302.549773
Total Europe,2000,309.925023
Total Europe,2001,313.893862
Total Europe,2002,322.737858
Total Europe,2003,326.150436
Total Europe,2004,337.409727
Total Europe,2005,327.580395
Total Europe,2006,320.371703
Total Europe,2007,306.269367
Total Europe,2008,320.468394
Total Europe,2009,303.705653
Total Europe,2010,310.374913
Total Europe,2011,284.80789
Total Europe,2012,287.511134
Total Europe,2013,280.024996
Total Europe,2014,266.597446
Total Europe,2015,260.950221
Total Europe,2016,259.933669
Total Europe,2017,262.768505
Total Europe,2018,251.211381
Total Europe,2019,235.877919
Total Europe,2019,-0.061038
Total Europe,2019,0.059127
Azerbaijan,1985,13.717212
Azerbaijan,1986,13.258997
Azerbaijan,1987,12.186578
Azerbaijan,1988,11.601622
Azerbaijan,1989,10.821681
Azerbaijan,1990,9.65177
Azerbaijan,1991,8.384366
Azerbaijan,1992,7.701917
Azerbaijan,1993,6.629499
Azerbaijan,1994,6.239528
Azerbaijan,1995,6.434513
Azerbaijan,1996,5.729642
Azerbaijan,1997,5.456662
Azerbaijan,1998,5.09204
Azerbaijan,1999,5.456662
Azerbaijan,2000,5.144686
Azerbaijan,2001,5.043294
Azerbaijan,2002,4.677696
Azerbaijan,2003,4.663072
Azerbaijan,2004,4.543156
Azerbaijan,2005,5.588375
Azerbaijan,2006,6.593816
Azerbaijan,2007,10.560499
Azerbaijan,2008,15.926883
Azerbaijan,2009,15.913429
Azerbaijan,2010,16.254653
Azerbaijan,2011,15.951158
Azerbaijan,2012,16.809776
Azerbaijan,2013,17.446403
Azerbaijan,2014,18.384078
Azerbaijan,2015,18.784053
Azerbaijan,2016,18.27754
Azerbaijan,2017,17.758627
Azerbaijan,2018,19.046616
Azerbaijan,2019,24.318223
Azerbaijan,2019,0.276774
Azerbaijan,2019,0.006096
Kazakhstan,1985,4.673758
Kazakhstan,1986,4.988997
Kazakhstan,1987,5.406174
Kazakhstan,1988,6.111179
Kazakhstan,1989,5.747969
Kazakhstan,1990,6.094046
Kazakhstan,1991,6.246614
Kazakhstan,1992,5.858658
Kazakhstan,1993,5.283113
Kazakhstan,1994,3.266852
Kazakhstan,1995,4.112318
Kazakhstan,1996,3.556283
Kazakhstan,1997,5.783935
Kazakhstan,1998,5.080794
Kazakhstan,1999,6.75524
Kazakhstan,2000,8.475437
Kazakhstan,2001,8.646539
Kazakhstan,2002,9.224972
Kazakhstan,2003,11.1195
Kazakhstan,2004,13.104657
Kazakhstan,2005,14.588431
Kazakhstan,2006,15.231096
Kazakhstan,2007,15.792488
Kazakhstan,2008,18.290976
Kazakhstan,2009,19.009033
Kazakhstan,2010,20.430254
Kazakhstan,2011,20.088687
Kazakhstan,2012,19.831678
Kazakhstan,2013,21.381512
Kazakhstan,2014,21.680747
Kazakhstan,2015,21.972647
Kazakhstan,2016,22.94914
Kazakhstan,2017,23.407922
Kazakhstan,2018,23.9126
Kazakhstan,2019,23.396708
Kazakhstan,2019,-0.021574
Kazakhstan,2019,0.005865
Russian Federation,1985,424.881224
Russian Federation,1986,462.567109
Russian Federation,1987,500.547271
Russian Federation,1988,542.389823
Russian Federation,1989,566.299853
Russian Federation,1990,599.589971
Russian Federation,1991,591.313422
Russian Federation,1992,592.233038
Russian Federation,1993,568.598894
Russian Federation,1994,558.483112
Russian Federation,1995,541.194322
Russian Federation,1996,552.321681
Russian Federation,1997,523.537684
Russian Federation,1998,541.286283
Russian Federation,1999,544.412979
Russian Federation,2000,537.056047
Russian Federation,2001,534.757006
Russian Federation,2002,547.539676
Russian Federation,2003,570.62205
Russian Federation,2004,582.577065
Russian Federation,2005,589.474189
Russian Federation,2006,604.781206
Russian Federation,2007,601.613127
Russian Federation,2008,611.453024
Russian Federation,2009,536.189768
Russian Federation,2010,598.386744
Russian Federation,2011,616.827722
Russian Federation,2012,601.854986
Russian Federation,2013,614.496219
Russian Federation,2014,591.155156
Russian Federation,2015,584.439564
Russian Federation,2016,589.275368
Russian Federation,2017,635.560863
Russian Federation,2018,669.112979
Russian Federation,2019,679.044838
Russian Federation,2019,0.014843
Russian Federation,2019,0.170215
Turkmenistan,1985,78.731932
Turkmenistan,1986,80.161013
Turkmenistan,1987,83.37881
Turkmenistan,1988,83.568092
Turkmenistan,1989,85.08235
Turkmenistan,1990,79.242625
Turkmenistan,1991,76.143375
Turkmenistan,1992,50.30025
Turkmenistan,1993,58.88575
Turkmenistan,1994,32.330375
Turkmenistan,1995,29.16375
Turkmenistan,1996,31.7625
Turkmenistan,1997,15.621375
Turkmenistan,1998,12.012
Turkmenistan,1999,20.587875
Turkmenistan,2000,42.436625
Turkmenistan,2001,46.325125
Turkmenistan,2002,48.307875
Turkmenistan,2003,53.41875
Turkmenistan,2004,52.64875
Turkmenistan,2005,56.88375
Turkmenistan,2006,56.595
Turkmenistan,2007,61.6
Turkmenistan,2008,61.6
Turkmenistan,2009,33.32175
Turkmenistan,2010,40.127827
Turkmenistan,2011,56.311455
Turkmenistan,2012,58.961406
Turkmenistan,2013,58.961406
Turkmenistan,2014,63.504179
Turkmenistan,2015,65.870206
Turkmenistan,2016,63.220256
Turkmenistan,2017,58.677483
Turkmenistan,2018,61.516716
Turkmenistan,2019,63.163184
Turkmenistan,2019,0.026765
Turkmenistan,2019,0.015833
USSR,1970,187.501386
USSR,1971,201.193738
USSR,1972,209.718896
USSR,1973,223.83277
USSR,1974,246.850697
USSR,1975,274.006169
USSR,1976,304.019462
USSR,1977,327.74782
USSR,1978,352.556978
USSR,1979,385.14487
USSR,1980,412.23877
USSR,1981,440.750689
USSR,1982,474.282979
USSR,1983,507.436372
USSR,1984,556.408671
Uzbekistan,1985,32.736357
Uzbekistan,1986,36.531465
Uzbekistan,1987,37.667158
Uzbekistan,1988,37.761799
Uzbekistan,1989,38.897493
Uzbekistan,1990,36.806
Uzbekistan,1991,37.816625
Uzbekistan,1992,38.4615
Uzbekistan,1993,40.63675
Uzbekistan,1994,42.6195
Uzbekistan,1995,43.341375
Uzbekistan,1996,44.2365
Uzbekistan,1997,45.362625
Uzbekistan,1998,49.4725
Uzbekistan,1999,50.18475
Uzbekistan,2000,50.925875
Uzbekistan,2001,51.464875
Uzbekistan,2002,52.735375
Uzbekistan,2003,53.0915
Uzbekistan,2004,53.80375
Uzbekistan,2005,54.621875
Uzbekistan,2006,56.595
Uzbekistan,2007,58.905
Uzbekistan,2008,61.0225
Uzbekistan,2009,58.42375
Uzbekistan,2010,57.143625
Uzbekistan,2011,56.643125
Uzbekistan,2012,56.527625
Uzbekistan,2013,55.902
Uzbekistan,2014,56.296625
Uzbekistan,2015,53.61125
Uzbekistan,2016,53.124038
Uzbekistan,2017,53.395658
Uzbekistan,2018,57.159913
Uzbekistan,2019,56.273599
Uzbekistan,2019,-0.015506
Uzbekistan,2019,0.014106
Other CIS,1985,0.719617
Other CIS,1986,0.800147
Other CIS,1987,0.800147
Other CIS,1988,0.705506
Other CIS,1989,0.705506
Other CIS,1990,0.602746
Other CIS,1991,0.567924
Other CIS,1992,0.55174
Other CIS,1993,0.472056
Other CIS,1994,0.46208
Other CIS,1995,0.426171
Other CIS,1996,0.403327
Other CIS,1997,0.388679
Other CIS,1998,0.383602
Other CIS,1999,0.39996
Other CIS,2000,0.412534
Other CIS,2001,0.421811
Other CIS,2002,0.388555
Other CIS,2003,0.396896
Other CIS,2004,0.390415
Other CIS,2005,0.357502
Other CIS,2006,0.331227
Other CIS,2007,0.300442
Other CIS,2008,0.304168
Other CIS,2009,0.307893
Other CIS,2010,0.329231
Other CIS,2011,0.341121
Other CIS,2012,0.330281
Other CIS,2013,0.339608
Other CIS,2014,0.331305
Other CIS,2015,0.335581
Other CIS,2016,0.319378
Other CIS,2017,0.300386
Other CIS,2018,0.310362
Other CIS,2019,0.316573
Other CIS,2019,0.020013
Other CIS,2019,7.9e-05
Total CIS,1970,187.501386
Total CIS,1971,201.193738
Total CIS,1972,209.718896
Total CIS,1973,223.83277
Total CIS,1974,246.850697
Total CIS,1975,274.006169
Total CIS,1976,304.019462
Total CIS,1977,327.74782
Total CIS,1978,352.556978
Total CIS,1979,385.14487
Total CIS,1980,412.23877
Total CIS,1981,440.750689
Total CIS,1982,474.282979
Total CIS,1983,507.436372
Total CIS,1984,556.408671
Total CIS,1985,555.4601
Total CIS,1986,598.307728
Total CIS,1987,639.98614
Total CIS,1988,682.138022
Total CIS,1989,707.554852
Total CIS,1990,731.987157
Total CIS,1991,720.472326
Total CIS,1992,695.107104
Total CIS,1993,680.506061
Total CIS,1994,643.401447
Total CIS,1995,624.672448
Total CIS,1996,638.009933
Total CIS,1997,596.15096
Total CIS,1998,613.32722
Total CIS,1999,627.797467
Total CIS,2000,644.451204
Total CIS,2001,646.65865
Total CIS,2002,662.874148
Total CIS,2003,693.311769
Total CIS,2004,707.067794
Total CIS,2005,721.514122
Total CIS,2006,740.127345
Total CIS,2007,748.771556
Total CIS,2008,768.59755
Total CIS,2009,663.165624
Total CIS,2010,732.672333
Total CIS,2011,766.163269
Total CIS,2012,754.315752
Total CIS,2013,768.527147
Total CIS,2014,751.352089
Total CIS,2015,745.013302
Total CIS,2016,747.165719
Total CIS,2017,789.100939
Total CIS,2018,831.059186
Total CIS,2019,846.513125
Total CIS,2019,0.018595
Total CIS,2019,0.212194
Bahrain,1970,0.650117
Bahrain,1971,0.947845
Bahrain,1972,1.182771
Bahrain,1973,1.677046
Bahrain,1974,2.067814
Bahrain,1975,2.175973
Bahrain,1976,2.280643
Bahrain,1977,2.473701
Bahrain,1978,2.717931
Bahrain,1979,3.013333
Bahrain,1980,2.445789
Bahrain,1981,2.26785
Bahrain,1982,3.580877
Bahrain,1983,3.753001
Bahrain,1984,3.866975
Bahrain,1985,4.720617
Bahrain,1986,5.404461
Bahrain,1987,5.250945
Bahrain,1988,5.577748
Bahrain,1989,5.802207
Bahrain,1990,6.076675
Bahrain,1991,5.792903
Bahrain,1992,6.76866
Bahrain,1993,7.250142
Bahrain,1994,7.422266
Bahrain,1995,7.545544
Bahrain,1996,7.770003
Bahrain,1997,8.342199
Bahrain,1998,8.771346
Bahrain,1999,9.076052
Bahrain,2000,9.174907
Bahrain,2001,9.554045
Bahrain,2002,9.899456
Bahrain,2003,10.077395
Bahrain,2004,9.269889
Bahrain,2005,10.174285
Bahrain,2006,10.763207
Bahrain,2007,11.198626
Bahrain,2008,12.017578
Bahrain,2009,12.133504
Bahrain,2010,12.428656
Bahrain,2011,12.624079
Bahrain,2012,13.051854
Bahrain,2013,13.95783
Bahrain,2014,14.696525
Bahrain,2015,14.757109
Bahrain,2016,14.406516
Bahrain,2017,14.466323
Bahrain,2018,14.647456
Bahrain,2019,16.899514
Bahrain,2019,0.153751
Bahrain,2019,0.004236
Iran,1970,3.495454
Iran,1971,8.4544
Iran,1972,11.400434
Iran,1973,12.598127
Iran,1974,13.072009
Iran,1975,13.617853
Iran,1976,13.873764
Iran,1977,14.088401
Iran,1978,8.825416
Iran,1979,8.500565
Iran,1980,4.535404
Iran,1981,4.928041
Iran,1982,6.749102
Iran,1983,7.713311
Iran,1984,8.978872
Iran,1985,9.686438
Iran,1986,9.305475
Iran,1987,11.391767
Iran,1988,12.367468
Iran,1989,15.616835
Iran,1990,24.718037
Iran,1991,29.19969
Iran,1992,30.904418
Iran,1993,16.513166
Iran,1994,26.231457
Iran,1995,31.867997
Iran,1996,37.479385
Iran,1997,39.379936
Iran,1998,44.471783
Iran,1999,52.980027
Iran,2000,56.33661
Iran,2001,62.605238
Iran,2002,74.447143
Iran,2003,78.087624
Iran,2004,91.040128
Iran,2005,96.612527
Iran,2006,105.277276
Iran,2007,118.014425
Iran,2008,123.567424
Iran,2009,135.735606
Iran,2010,143.910159
Iran,2011,150.986259
Iran,2012,156.935759
Iran,2013,157.528055
Iran,2014,175.450603
Iran,2015,183.547896
Iran,2016,199.34192
Iran,2017,219.527037
Iran,2018,238.327263
Iran,2019,244.155198
Iran,2019,0.024453
Iran,2019,0.061202
Iraq,1970,0.741
Iraq,1971,0.87875
Iraq,1972,0.88825
Iraq,1973,0.8645
Iraq,1974,0.7942
Iraq,1975,1.23025
Iraq,1976,1.71475
Iraq,1977,1.1191
Iraq,1978,1.15995
Iraq,1979,1.66345
Iraq,1980,1.21695
Iraq,1981,0.589
Iraq,1982,0.646
Iraq,1983,0.4465
Iraq,1984,0.5605
Iraq,1985,0.8075
Iraq,1986,1.4725
Iraq,1987,3.5625
Iraq,1988,5.32
Iraq,1989,6.1275
Iraq,1990,3.781
Iraq,1991,1.653
Iraq,1992,2.1565
Iraq,1993,2.4225
Iraq,1994,3.0115
Iraq,1995,3.0115
Iraq,1996,3.078
Iraq,1997,2.8975
Iraq,1998,2.8025
Iraq,1999,3.021
Iraq,2000,2.9925
Iraq,2001,2.622
Iraq,2002,2.242
Iraq,2003,1.482
Iraq,2004,0.95
Iraq,2005,1.3775
Iraq,2006,1.3775
Iraq,2007,4.542957
Iraq,2008,6.457625
Iraq,2009,6.85273
Iraq,2010,7.13526
Iraq,2011,6.30192
Iraq,2012,6.341345
Iraq,2013,7.072655
Iraq,2014,7.530834
Iraq,2015,7.301097
Iraq,2016,9.895578
Iraq,2017,10.117798
Iraq,2018,10.573736
Iraq,2019,10.77896
Iraq,2019,0.019409
Iraq,2019,0.002702
Kuwait,1970,1.93515
Kuwait,1971,1.9988
Kuwait,1972,2.36265
Kuwait,1973,2.6467
Kuwait,1974,2.78445
Kuwait,1975,3.0514
Kuwait,1976,3.6708
Kuwait,1977,4.00235
Kuwait,1978,4.48495
Kuwait,1979,5.93845
Kuwait,1980,3.86745
Kuwait,1981,4.4498
Kuwait,1982,3.49125
Kuwait,1983,3.83325
Kuwait,1984,4.1572
Kuwait,1985,3.99
Kuwait,1986,5.4435
Kuwait,1987,4.541
Kuwait,1988,6.498
Kuwait,1989,7.752
Kuwait,1990,3.9805
Kuwait,1991,0.475
Kuwait,1992,2.489
Kuwait,1993,5.149
Kuwait,1994,5.6715
Kuwait,1995,8.8141
Kuwait,1996,8.8369
Kuwait,1997,8.8065
Kuwait,1998,9.01645
Kuwait,1999,8.2536
Kuwait,2000,9.12
Kuwait,2001,9.025
Kuwait,2002,8.2745
Kuwait,2003,9.5
Kuwait,2004,10.355
Kuwait,2005,11.685
Kuwait,2006,11.7895
Kuwait,2007,10.697
Kuwait,2008,12.065
Kuwait,2009,10.91455
Kuwait,2010,11.14635
Kuwait,2011,12.85635
Kuwait,2012,14.73925
Kuwait,2013,15.495639
Kuwait,2014,14.277337
Kuwait,2015,16.06355
Kuwait,2016,16.42645
Kuwait,2017,16.24664
Kuwait,2018,16.850891
Kuwait,2019,18.397358
Kuwait,2019,0.091774
Kuwait,2019,0.004612
Oman,1970,0.0
Oman,1971,0.0
Oman,1972,0.0
Oman,1973,0.0
Oman,1974,0.0
Oman,1975,0.0
Oman,1976,0.0
Oman,1977,0.0
Oman,1978,0.302543
Oman,1979,0.50895
Oman,1980,0.646084
Oman,1981,0.76154
Oman,1982,0.83317
Oman,1983,1.034865
Oman,1984,1.30065
Oman,1985,1.655973
Oman,1986,1.935895
Oman,1987,2.168693
Oman,1988,2.182359
Oman,1989,2.264827
Oman,1990,2.447673
Oman,1991,2.481603
Oman,1992,2.712515
Oman,1993,2.603185
Oman,1994,2.72571
Oman,1995,3.818068
Oman,1996,4.12815
Oman,1997,4.695535
Oman,1998,4.875553
Oman,1999,5.13851
Oman,2000,10.321108
Oman,2001,15.424641
Oman,2002,16.644098
Oman,2003,18.33549
Oman,2004,18.657537
Oman,2005,20.849399
Oman,2006,24.291458
Oman,2007,24.606518
Oman,2008,24.136316
Oman,2009,23.91397
Oman,2010,25.697761
Oman,2011,27.127878
Oman,2012,28.321993
Oman,2013,30.785902
Oman,2014,29.34908
Oman,2015,30.747118
Oman,2016,31.477503
Oman,2017,32.323414
Oman,2018,36.030666
Oman,2019,36.339359
Oman,2019,0.008568
Oman,2019,0.009109
Qatar,1970,1.040175
Qatar,1971,1.040175
Qatar,1972,1.141605
Qatar,1973,1.6353
Qatar,1974,1.34343
Qatar,1975,2.073105
Qatar,1976,1.13229
Qatar,1977,1.605285
Qatar,1978,1.530765
Qatar,1979,4.51467
Qatar,1980,4.906935
Qatar,1981,4.474305
Qatar,1982,5.231925
Qatar,1983,5.418225
Qatar,1984,6.13755
Qatar,1985,5.6511
Qatar,1986,6.003
Qatar,1987,5.80635
Qatar,1988,6.0651
Qatar,1989,6.417
Qatar,1990,6.5205
Qatar,1991,7.89705
Qatar,1992,8.225773
Qatar,1993,8.571816
Qatar,1994,8.940334
Qatar,1995,9.308852
Qatar,1996,9.70391
Qatar,1997,13.411154
Qatar,1998,16.229366
Qatar,1999,21.364838
Qatar,2000,25.7715
Qatar,2001,27.945
Qatar,2002,30.5325
Qatar,2003,32.499
Qatar,2004,40.54095
Qatar,2005,47.403
Qatar,2006,52.4745
Qatar,2007,65.412
Qatar,2008,79.675335
Qatar,2009,92.4255
Qatar,2010,123.11126
Qatar,2011,150.355899
Qatar,2012,162.54633
Qatar,2013,168.15505
Qatar,2014,169.526799
Qatar,2015,174.905375
Qatar,2016,173.608035
Qatar,2017,168.618042
Qatar,2018,176.487068
Qatar,2019,178.128484
Qatar,2019,0.0093
Qatar,2019,0.044651
Saudi Arabia,1970,1.53615
Saudi Arabia,1971,1.28155
Saudi Arabia,1972,1.45255
Saudi Arabia,1973,1.71
Saudi Arabia,1974,2.1641
Saudi Arabia,1975,2.5745
Saudi Arabia,1976,2.779225
Saudi Arabia,1977,3.91115
Saudi Arabia,1978,5.39315
Saudi Arabia,1979,6.6215
Saudi Arabia,1980,9.2378
Saudi Arabia,1981,10.7711
Saudi Arabia,1982,11.41615
Saudi Arabia,1983,11.1473
Saudi Arabia,1984,17.29
Saudi Arabia,1985,17.86
Saudi Arabia,1986,23.94
Saudi Arabia,1987,25.46
Saudi Arabia,1988,27.645
Saudi Arabia,1989,28.31
Saudi Arabia,1990,31.844
Saudi Arabia,1991,33.4115
Saudi Arabia,1992,36.3375
Saudi Arabia,1993,38.038
Saudi Arabia,1994,40.6315
Saudi Arabia,1995,40.7835
Saudi Arabia,1996,42.1895
Saudi Arabia,1997,43.073
Saudi Arabia,1998,44.479
Saudi Arabia,1999,43.89
Saudi Arabia,2000,47.3195
Saudi Arabia,2001,51.0055
Saudi Arabia,2002,53.865
Saudi Arabia,2003,57.057
Saudi Arabia,2004,62.396
Saudi Arabia,2005,67.678
Saudi Arabia,2006,69.78795
Saudi Arabia,2007,70.699
Saudi Arabia,2008,76.418
Saudi Arabia,2009,74.5275
Saudi Arabia,2010,83.277
Saudi Arabia,2011,87.647
Saudi Arabia,2012,94.3635
Saudi Arabia,2013,95.0285
Saudi Arabia,2014,97.261
Saudi Arabia,2015,99.2275
Saudi Arabia,2016,105.317
Saudi Arabia,2017,109.250209
Saudi Arabia,2018,112.1
Saudi Arabia,2019,113.644286
Saudi Arabia,2019,0.013776
Saudi Arabia,2019,0.028487
Syria,1970,0.0
Syria,1971,0.0
Syria,1972,0.0
Syria,1973,0.0
Syria,1974,0.0
Syria,1975,0.0
Syria,1976,0.0314
Syria,1977,0.03495
Syria,1978,0.0337
Syria,1979,0.03475
Syria,1980,0.046775
Syria,1981,0.0472
Syria,1982,0.04925
Syria,1983,0.07475
Syria,1984,0.12625
Syria,1985,0.15
Syria,1986,0.379275
Syria,1987,0.373425
Syria,1988,0.88335
Syria,1989,1.445925
Syria,1990,1.592175
Syria,1991,1.85835
Syria,1992,1.9222
Syria,1993,1.9025
Syria,1994,2.0623
Syria,1995,2.60055
Syria,1996,2.77095
Syria,1997,4.2978
Syria,1998,5.419375
Syria,1999,5.37225
Syria,2000,5.37225
Syria,2001,5.5042
Syria,2002,6.08855
Syria,2003,6.456125
Syria,2004,5.93775
Syria,2005,5.74925
Syria,2006,5.890625
Syria,2007,5.655
Syria,2008,5.56075
Syria,2009,6.135675
Syria,2010,8.42595
Syria,2011,7.417475
Syria,2012,6.079125
Syria,2013,4.99525
Syria,2014,4.61825
Syria,2015,4.05275
Syria,2016,3.534375
Syria,2017,3.48725
Syria,2018,3.597073
Syria,2019,3.727346
Syria,2019,0.036216
Syria,2019,0.000934
United Arab Emirates,1970,0.812175
United Arab Emirates,1971,1.434225
United Arab Emirates,1972,1.455675
United Arab Emirates,1973,1.692112
United Arab Emirates,1974,1.69455
United Arab Emirates,1975,1.6185
United Arab Emirates,1976,1.8915
United Arab Emirates,1977,3.8025
United Arab Emirates,1978,5.56725
United Arab Emirates,1979,5.95725
United Arab Emirates,1980,7.332
United Arab Emirates,1981,8.6385
United Arab Emirates,1982,9.2625
United Arab Emirates,1983,8.151
United Arab Emirates,1984,10.725
United Arab Emirates,1985,12.89925
United Arab Emirates,1986,14.8395
United Arab Emirates,1987,16.46775
United Arab Emirates,1988,16.926
United Arab Emirates,1989,19.8705
United Arab Emirates,1990,19.60725
United Arab Emirates,1991,23.21475
United Arab Emirates,1992,21.61575
United Arab Emirates,1993,22.41525
United Arab Emirates,1994,25.1745
United Arab Emirates,1995,30.537
United Arab Emirates,1996,32.955
United Arab Emirates,1997,35.40225
United Arab Emirates,1998,36.14325
United Arab Emirates,1999,37.52775
United Arab Emirates,2000,37.4205
United Arab Emirates,2001,38.376
United Arab Emirates,2002,42.30525
United Arab Emirates,2003,43.67025
United Arab Emirates,2004,45.13275
United Arab Emirates,2005,46.59525
United Arab Emirates,2006,47.57025
United Arab Emirates,2007,49.03275
United Arab Emirates,2008,48.984
United Arab Emirates,2009,47.619
United Arab Emirates,2010,49.99995
United Arab Emirates,2011,51.0003
United Arab Emirates,2012,52.9425
United Arab Emirates,2013,53.235
United Arab Emirates,2014,52.888479
United Arab Emirates,2015,58.676429
United Arab Emirates,2016,60.315286
United Arab Emirates,2017,62.360993
United Arab Emirates,2018,61.375317
United Arab Emirates,2019,62.53082
United Arab Emirates,2019,0.018827
United Arab Emirates,2019,0.015674
Yemen,1970,0.0
Yemen,1971,0.0
Yemen,1972,0.0
Yemen,1973,0.0
Yemen,1974,0.0
Yemen,1975,0.0
Yemen,1976,0.0
Yemen,1977,0.0
Yemen,1978,0.0
Yemen,1979,0.0
Yemen,1980,0.0
Yemen,1981,0.0
Yemen,1982,0.0
Yemen,1983,0.0
Yemen,1984,0.0
Yemen,1985,0.0
Yemen,1986,0.0
Yemen,1987,0.0
Yemen,1988,0.0
Yemen,1989,0.0
Yemen,1990,0.0
Yemen,1991,0.0
Yemen,1992,0.0
Yemen,1993,0.0
Yemen,1994,0.0
Yemen,1995,0.0
Yemen,1996,0.0
Yemen,1997,0.0
Yemen,1998,0.0
Yemen,1999,0.0
Yemen,2000,0.0
Yemen,2001,0.0
Yemen,2002,0.0
Yemen,2003,0.0
Yemen,2004,0.0
Yemen,2005,0.0
Yemen,2006,0.0
Yemen,2007,0.0
Yemen,2008,0.0
Yemen,2009,0.7819
Yemen,2010,6.2553
Yemen,2011,9.423025
Yemen,2012,7.6169
Yemen,2013,10.352975
Yemen,2014,9.761675
Yemen,2015,2.85635
Yemen,2016,0.501125
Yemen,2017,0.601335
Yemen,2018,0.573347
Yemen,2019,0.577915
Yemen,2019,0.007966
Yemen,2019,0.000145
Other Middle East,1970,0.129206
Other Middle East,1971,0.120942
Other Middle East,1972,0.119556
Other Middle East,1973,0.051895
Other Middle East,1974,0.063421
Other Middle East,1975,0.057957
Other Middle East,1976,0.055836
Other Middle East,1977,0.055483
Other Middle East,1978,0.054586
Other Middle East,1979,0.038873
Other Middle East,1980,0.001849
Other Middle East,1981,0.001957
Other Middle East,1982,0.043576
Other Middle East,1983,0.061735
Other Middle East,1984,0.053906
Other Middle East,1985,0.050726
Other Middle East,1986,0.038031
Other Middle East,1987,0.043332
Other Middle East,1988,0.03977
Other Middle East,1989,0.118493
Other Middle East,1990,0.153457
Other Middle East,1991,0.148156
Other Middle East,1992,0.155429
Other Middle East,1993,0.17529
Other Middle East,1994,0.242267
Other Middle East,1995,0.245692
Other Middle East,1996,0.230074
Other Middle East,1997,0.255167
Other Middle East,1998,0.252884
Other Middle East,1999,0.249527
Other Middle East,2000,0.237415
Other Middle East,2001,0.228987
Other Middle East,2002,0.208012
Other Middle East,2003,0.233259
Other Middle East,2004,1.374896
Other Middle East,2005,1.778428
Other Middle East,2006,2.416721
Other Middle East,2007,2.819115
Other Middle East,2008,3.459551
Other Middle East,2009,2.736165
Other Middle East,2010,3.25487
Other Middle East,2011,4.231433
Other Middle East,2012,2.521239
Other Middle East,2013,6.251308
Other Middle East,2014,7.331103
Other Middle East,2015,8.066355
Other Middle East,2016,9.047451
Other Middle East,2017,9.53298
Other Middle East,2018,10.132198
Other Middle East,2019,10.144207
Other Middle East,2019,0.001185
Other Middle East,2019,0.002543
Total Middle East,1970,10.339427
Total Middle East,1971,16.156687
Total Middle East,1972,20.003491
Total Middle East,1973,22.87568
Total Middle East,1974,23.983974
Total Middle East,1975,26.399537
Total Middle East,1976,27.430208
Total Middle East,1977,31.09292
Total Middle East,1978,30.07024
Total Middle East,1979,36.791791
Total Middle East,1980,34.237035
Total Middle East,1981,36.929293
Total Middle East,1982,41.303801
Total Middle East,1983,41.633937
Total Middle East,1984,53.196903
Total Middle East,1985,57.471603
Total Middle East,1986,68.761636
Total Middle East,1987,75.065761
Total Middle East,1988,83.504795
Total Middle East,1989,93.725287
Total Middle East,1990,100.721266
Total Middle East,1991,106.132001
Total Middle East,1992,113.287744
Total Middle East,1993,105.040848
Total Middle East,1994,122.113333
Total Middle East,1995,138.532802
Total Middle East,1996,149.141871
Total Middle East,1997,160.561041
Total Middle East,1998,172.461506
Total Middle East,1999,186.873554
Total Middle East,2000,204.06629
Total Middle East,2001,222.290611
Total Middle East,2002,244.506508
Total Middle East,2003,257.398142
Total Middle East,2004,285.6549
Total Middle East,2005,309.902639
Total Middle East,2006,331.638987
Total Middle East,2007,362.677391
Total Middle East,2008,392.341579
Total Middle East,2009,413.776101
Total Middle East,2010,474.642516
Total Middle East,2011,519.971618
Total Middle East,2012,545.459795
Total Middle East,2013,562.858163
Total Middle East,2014,582.691685
Total Middle East,2015,600.201529
Total Middle East,2016,623.871238
Total Middle East,2017,646.532022
Total Middle East,2018,680.695015
Total Middle East,2019,695.323445
Total Middle East,2019,0.02149
Total Middle East,2019,0.174296
Algeria,1970,2.438013
Algeria,1971,2.569875
Algeria,1972,3.256137
Algeria,1973,4.321625
Algeria,1974,4.996338
Algeria,1975,6.1523
Algeria,1976,7.749087
Algeria,1977,7.416544
Algeria,1978,11.501875
Algeria,1979,18.85345
Algeria,1980,15.40975
Algeria,1981,17.864843
Algeria,1982,23.310009
Algeria,1983,33.379263
Algeria,1984,33.975882
Algeria,1985,37.338115
Algeria,1986,38.189431
Algeria,1987,43.10078
Algeria,1988,45.058109
Algeria,1989,48.583162
Algeria,1990,51.656971
Algeria,1991,55.703048
Algeria,1992,58.001136
Algeria,1993,58.746619
Algeria,1994,54.010883
Algeria,1995,61.491299
Algeria,1996,65.251278
Algeria,1997,74.858821
Algeria,1998,80.162101
Algeria,1999,90.106914
Algeria,2000,91.88863
Algeria,2001,86.472539
Algeria,2002,88.941588
Algeria,2003,93.857589
Algeria,2004,92.054939
Algeria,2005,84.91175
Algeria,2006,81.299487
Algeria,2007,81.645988
Algeria,2008,82.600787
Algeria,2009,76.566875
Algeria,2010,77.39655
Algeria,2011,79.59875
Algeria,2012,78.44375
Algeria,2013,79.338875
Algeria,2014,80.1724
Algeria,2015,81.411137
Algeria,2016,91.392263
Algeria,2017,92.976538
Algeria,2018,93.84375
Algeria,2019,86.24
Algeria,2019,-0.081026
Algeria,2019,0.021618
Egypt,1970,0.081813
Egypt,1971,0.081813
Egypt,1972,0.068338
Egypt,1973,0.054863
Egypt,1974,0.05775
Egypt,1975,0.048125
Egypt,1976,0.36575
Egypt,1977,0.44275
Egypt,1978,0.71225
Egypt,1979,1.078
Egypt,1980,2.09825
Egypt,1981,2.3485
Egypt,1982,2.569875
Egypt,1983,3.012625
Egypt,1984,3.86925
Egypt,1985,4.745125
Egypt,1986,5.467
Egypt,1987,6.0445
Egypt,1988,6.6605
Egypt,1989,7.44975
Egypt,1990,7.767375
Egypt,1991,8.7395
Egypt,1992,9.45175
Egypt,1993,10.866625
Egypt,1994,11.64625
Egypt,1995,12.03125
Egypt,1996,12.80125
Egypt,1997,13.09
Egypt,1998,13.475
Egypt,1999,16.17
Egypt,2000,20.2125
Egypt,2001,24.255
Egypt,2002,26.27625
Egypt,2003,28.97125
Egypt,2004,31.7625
Egypt,2005,40.90625
Egypt,2006,52.64875
Egypt,2007,53.601625
Egypt,2008,56.758625
Egypt,2009,60.339125
Egypt,2010,59.0205
Egypt,2011,59.143281
Egypt,2012,58.598181
Egypt,2013,53.964837
Egypt,2014,46.961049
Egypt,2015,42.590625
Egypt,2016,40.25175
Egypt,2017,48.812649
Egypt,2018,58.558327
Egypt,2019,64.938696
Egypt,2019,0.108958
Egypt,2019,0.016278
Libya,1970,0.2793
Libya,1971,0.6726
Libya,1972,2.6904
Libya,1973,4.30445
Libya,1974,3.87125
Libya,1975,4.40325
Libya,1976,4.54005
Libya,1977,4.79845
Libya,1978,4.86495
Libya,1979,6.44575
Libya,1980,4.9115
Libya,1981,2.9925
Libya,1982,3.1825
Libya,1983,3.5245
Libya,1984,4.37
Libya,1985,4.94
Libya,1986,5.32
Libya,1987,4.75
Libya,1988,5.225
Libya,1989,6.46
Libya,1990,5.89
Libya,1991,6.213
Libya,1992,6.4315
Libya,1993,6.042
Libya,1994,6.0705
Libya,1995,6.023
Libya,1996,6.099
Libya,1997,6.2415
Libya,1998,6.042
Libya,1999,4.94
Libya,2000,5.586
Libya,2001,5.871
Libya,2002,5.605
Libya,2003,5.225
Libya,2004,7.657
Libya,2005,10.735
Libya,2006,12.53525
Libya,2007,14.516
Libya,2008,15.105
Libya,2009,15.105
Libya,2010,15.9733
Libya,2011,7.46225
Libya,2012,11.59
Libya,2013,12.16
Libya,2014,11.8275
Libya,2015,11.02
Libya,2016,9.405
Libya,2017,8.645
Libya,2018,8.278953
Libya,2019,9.434626
Libya,2019,0.139592
Libya,2019,0.002365
Nigeria,1970,0.10545
Nigeria,1971,0.195225
Nigeria,1972,0.261725
Nigeria,1973,0.4009
Nigeria,1974,0.3743
Nigeria,1975,0.33535
Nigeria,1976,0.622725
Nigeria,1977,0.81985
Nigeria,1978,0.993225
Nigeria,1979,1.3091
Nigeria,1980,1.582225
Nigeria,1981,2.33035
Nigeria,1982,2.427725
Nigeria,1983,2.75215
Nigeria,1984,2.64765
Nigeria,1985,2.508
Nigeria,1986,2.92505
Nigeria,1987,2.89655
Nigeria,1988,3.482225
Nigeria,1989,4.0318
Nigeria,1990,3.83895
Nigeria,1991,3.7449
Nigeria,1992,4.05365
Nigeria,1993,4.6189
Nigeria,1994,4.21895
Nigeria,1995,4.59135
Nigeria,1996,5.16515
Nigeria,1997,4.974597
Nigeria,1998,6.017689
Nigeria,1999,4.337716
Nigeria,2000,11.204464
Nigeria,2001,15.261342
Nigeria,2002,17.140391
Nigeria,2003,21.393889
Nigeria,2004,22.894197
Nigeria,2005,22.983987
Nigeria,2006,26.891508
Nigeria,2007,33.634228
Nigeria,2008,32.779219
Nigeria,2009,23.191939
Nigeria,2010,30.906667
Nigeria,2011,36.425816
Nigeria,2012,39.160303
Nigeria,2013,33.099571
Nigeria,2014,39.982533
Nigeria,2015,47.565285
Nigeria,2016,42.637021
Nigeria,2017,47.205619
Nigeria,2018,48.269554
Nigeria,2019,49.279149
Nigeria,2019,0.020916
Nigeria,2019,0.012353
Other Africa,1970,0.112641
Other Africa,1971,0.182778
Other Africa,1972,0.236885
Other Africa,1973,0.750378
Other Africa,1974,0.960862
Other Africa,1975,0.59409
Other Africa,1976,0.450601
Other Africa,1977,0.520091
Other Africa,1978,0.596728
Other Africa,1979,0.646695
Other Africa,1980,0.828614
Other Africa,1981,0.938611
Other Africa,1982,1.02118
Other Africa,1983,1.027145
Other Africa,1984,1.002287
Other Africa,1985,1.036581
Other Africa,1986,1.112832
Other Africa,1987,1.105989
Other Africa,1988,1.327394
Other Africa,1989,1.216085
Other Africa,1990,3.005763
Other Africa,1991,2.944725
Other Africa,1992,2.890244
Other Africa,1993,3.066528
Other Africa,1994,3.018039
Other Africa,1995,3.133623
Other Africa,1996,4.015822
Other Africa,1997,4.996184
Other Africa,1998,5.234845
Other Africa,1999,6.117944
Other Africa,2000,6.209649
Other Africa,2001,7.784423
Other Africa,2002,8.045045
Other Africa,2003,7.402249
Other Africa,2004,9.739235
Other Africa,2005,11.527107
Other Africa,2006,11.738294
Other Africa,2007,12.31987
Other Africa,2008,16.61496
Other Africa,2009,16.925716
Other Africa,2010,19.029194
Other Africa,2011,19.108521
Other Africa,2012,18.960379
Other Africa,2013,19.775073
Other Africa,2014,19.743774
Other Africa,2015,21.37086
Other Africa,2016,22.228279
Other Africa,2017,26.544685
Other Africa,2018,27.297896
Other Africa,2019,28.044123
Other Africa,2019,0.027336
Other Africa,2019,0.00703
Total Africa,1970,3.017216
Total Africa,1971,3.70229
Total Africa,1972,6.513485
Total Africa,1973,9.832215
Total Africa,1974,10.2605
Total Africa,1975,11.533115
Total Africa,1976,13.728213
Total Africa,1977,13.997685
Total Africa,1978,18.669028
Total Africa,1979,28.332995
Total Africa,1980,24.830339
Total Africa,1981,26.474804
Total Africa,1982,32.511289
Total Africa,1983,43.695683
Total Africa,1984,45.865069
Total Africa,1985,50.567821
Total Africa,1986,53.014313
Total Africa,1987,57.897819
Total Africa,1988,61.753228
Total Africa,1989,67.740797
Total Africa,1990,72.159059
Total Africa,1991,77.345173
Total Africa,1992,80.82828
Total Africa,1993,83.340672
Total Africa,1994,78.964622
Total Africa,1995,87.270522
Total Africa,1996,93.3325
Total Africa,1997,104.161102
Total Africa,1998,110.931635
Total Africa,1999,121.672575
Total Africa,2000,135.101243
Total Africa,2001,139.644305
Total Africa,2002,146.008275
Total Africa,2003,156.849977
Total Africa,2004,164.107871
Total Africa,2005,171.064093
Total Africa,2006,185.11329
Total Africa,2007,195.71771
Total Africa,2008,203.858591
Total Africa,2009,192.128655
Total Africa,2010,202.326211
Total Africa,2011,201.738617
Total Africa,2012,206.752613
Total Africa,2013,198.338356
Total Africa,2014,198.687256
Total Africa,2015,203.957908
Total Africa,2016,205.914312
Total Africa,2017,224.18449
Total Africa,2018,236.248479
Total Africa,2019,237.936594
Total Africa,2019,0.007146
Total Africa,2019,0.059643
Australia,1970,1.730397
Australia,1971,2.582668
Australia,1972,3.707426
Australia,1973,4.70688
Australia,1974,5.370199
Australia,1975,5.766997
Australia,1976,6.807722
Australia,1977,7.776844
Australia,1978,8.372538
Australia,1979,9.637518
Australia,1980,11.066588
Australia,1981,11.994439
Australia,1982,11.698084
Australia,1983,12.707482
Australia,1984,12.531726
Australia,1985,13.395262
Australia,1986,14.632928
Australia,1987,14.939459
Australia,1988,15.299339
Australia,1989,17.707564
Australia,1990,20.611147
Australia,1991,21.5765
Australia,1992,23.333595
Australia,1993,24.383903
Australia,1994,27.991217
Australia,1995,29.595968
Australia,1996,29.633703
Australia,1997,29.637647
Australia,1998,30.273708
Australia,1999,30.712533
Australia,2000,31.19233
Australia,2001,32.641318
Australia,2002,33.00116
Australia,2003,33.745226
Australia,2004,35.930313
Australia,2005,38.23528
Australia,2006,40.682227
Australia,2007,42.751185
Australia,2008,41.682903
Australia,2009,46.697593
Australia,2010,54.010617
Australia,2011,55.650671
Australia,2012,59.526094
Australia,2013,61.800148
Australia,2014,66.64412
Australia,2015,76.038942
Australia,2016,96.419226
Australia,2017,112.820563
Australia,2018,130.102875
Australia,2019,153.464097
Australia,2019,0.17956
Australia,2019,0.038469
Bangladesh,1970,0.0
Bangladesh,1971,0.0
Bangladesh,1972,0.439614
Bangladesh,1973,0.608249
Bangladesh,1974,0.668725
Bangladesh,1975,0.672214
Bangladesh,1976,0.885043
Bangladesh,1977,0.987387
Bangladesh,1978,1.089731
Bangladesh,1979,1.253714
Bangladesh,1980,1.411882
Bangladesh,1981,1.361386
Bangladesh,1982,1.767485
Bangladesh,1983,1.966718
Bangladesh,1984,2.270066
Bangladesh,1985,2.578047
Bangladesh,1986,2.907015
Bangladesh,1987,3.415593
Bangladesh,1988,4.020108
Bangladesh,1989,4.249867
Bangladesh,1990,4.574201
Bangladesh,1991,4.710749
Bangladesh,1992,5.137016
Bangladesh,1993,5.750253
Bangladesh,1994,6.098572
Bangladesh,1995,6.742334
Bangladesh,1996,7.236467
Bangladesh,1997,7.113274
Bangladesh,1998,7.686446
Bangladesh,1999,8.380358
Bangladesh,2000,9.058189
Bangladesh,2001,10.143209
Bangladesh,2002,10.671138
Bangladesh,2003,11.47843
Bangladesh,2004,12.340232
Bangladesh,2005,13.263358
Bangladesh,2006,14.363368
Bangladesh,2007,15.336371
Bangladesh,2008,16.37642
Bangladesh,2009,18.746738
Bangladesh,2010,19.253727
Bangladesh,2011,19.582149
Bangladesh,2012,21.336279
Bangladesh,2013,21.952787
Bangladesh,2014,23.022272
Bangladesh,2015,25.854063
Bangladesh,2016,26.450947
Bangladesh,2017,26.592672
Bangladesh,2018,26.58177
Bangladesh,2019,28.706023
Bangladesh,2019,0.079914
Bangladesh,2019,0.007196
Brunei,1970,0.213525
Brunei,1971,0.211575
Brunei,1972,0.434363
Brunei,1973,1.896862
Brunei,1974,4.117425
Brunei,1975,5.39955
Brunei,1976,7.1214
Brunei,1977,8.17245
Brunei,1978,8.010113
Brunei,1979,8.391825
Brunei,1980,8.423025
Brunei,1981,8.1549
Brunei,1982,8.14515
Brunei,1983,8.495175
Brunei,1984,8.596575
Brunei,1985,8.380612
Brunei,1986,8.40255
Brunei,1987,8.38305
Brunei,1988,8.709675
Brunei,1989,8.53515
Brunei,1990,8.702362
Brunei,1991,8.8335
Brunei,1992,9.5082
Brunei,1993,10.067362
Brunei,1994,10.131225
Brunei,1995,11.466975
Brunei,1996,11.367525
Brunei,1997,11.3763
Brunei,1998,10.501725
Brunei,1999,10.9473
Brunei,2000,11.01555
Brunei,2001,11.112075
Brunei,2002,11.172525
Brunei,2003,12.04515
Brunei,2004,11.926822
Brunei,2005,11.709442
Brunei,2006,12.256127
Brunei,2007,11.947629
Brunei,2008,11.849997
Brunei,2009,11.128609
Brunei,2010,11.975348
Brunei,2011,12.478791
Brunei,2012,12.251276
Brunei,2013,11.901314
Brunei,2014,12.688146
Brunei,2015,13.291452
Brunei,2016,12.942845
Brunei,2017,12.854908
Brunei,2018,12.565272
Brunei,2019,12.980136
Brunei,2019,0.033017
Brunei,2019,0.003254
China,1970,2.892576
China,1971,3.76942
China,1972,4.878073
China,1973,6.02704
China,1974,7.589233
China,1975,8.919617
China,1976,10.179449
China,1977,12.215339
China,1978,13.838004
China,1979,14.62414
China,1980,14.382252
China,1981,12.840216
China,1982,12.023845
China,1983,12.306047
China,1984,12.527778
China,1985,13.031711
China,1986,13.86824
China,1987,13.999263
China,1988,14.372173
China,1989,15.16738
China,1990,15.418338
China,1991,15.611849
China,1992,15.914208
China,1993,16.896878
China,1994,17.697124
China,1995,18.0912
China,1996,20.272222
China,1997,22.881588
China,1998,23.462119
China,1999,25.396214
China,2000,27.413963
China,2001,30.567576
China,2002,32.91792
China,2003,35.290438
China,2004,41.786136
China,2005,49.707965
China,2006,59.013594
China,2007,69.784661
China,2008,80.931662
China,2009,85.939749
China,2010,96.544518
China,2011,106.16561
China,2012,111.478073
China,2013,121.810718
China,2014,131.180851
China,2015,135.668879
China,2016,137.941618
China,2017,149.194444
China,2018,161.530728
China,2019,177.555801
China,2019,0.099208
China,2019,0.044508
India,1970,0.632847
India,1971,0.670622
India,1972,0.735591
India,1973,0.733666
India,1974,0.830397
India,1975,1.063081
India,1976,1.291434
India,1977,1.379263
India,1978,1.540481
India,1979,1.915856
India,1980,1.133103
India,1981,1.978178
India,1982,2.593456
India,1983,3.085775
India,1984,3.534059
India,1985,4.322828
India,1986,6.040024
India,1987,6.957701
India,1988,8.150488
India,1989,9.69046
India,1990,11.592735
India,1991,12.910802
India,1992,14.43469
India,1993,14.667085
India,1994,15.856918
India,1995,18.077829
India,1996,19.731722
India,1997,21.452633
India,1998,23.542875
India,1999,24.123369
India,2000,25.362693
India,2001,25.427748
India,2002,26.554413
India,2003,28.426899
India,2004,28.137763
India,2005,28.512138
India,2006,28.186813
India,2007,28.964513
India,2008,29.391862
India,2009,36.149939
India,2010,47.429188
India,2011,42.933394
India,2012,37.267823
India,2013,31.063128
India,2014,29.355218
India,2015,28.142781
India,2016,26.582316
India,2017,27.693324
India,2018,27.494375
India,2019,26.906539
India,2019,-0.02138
India,2019,0.006745
Indonesia,1970,1.2789
Indonesia,1971,1.5225
Indonesia,1972,1.127665
Indonesia,1973,1.74783
Indonesia,1974,1.80467
Indonesia,1975,2.36495
Indonesia,1976,2.38525
Indonesia,1977,5.7449
Indonesia,1978,11.0432
Indonesia,1979,16.0167
Indonesia,1980,18.78765
Indonesia,1981,19.05155
Indonesia,1982,19.3662
Indonesia,1983,22.09655
Indonesia,1984,29.79025
Indonesia,1985,32.7845
Indonesia,1986,34.11415
Indonesia,1987,36.44865
Indonesia,1988,39.8083
Indonesia,1989,41.8789
Indonesia,1990,44.539827
Indonesia,1991,48.909212
Indonesia,1992,51.831083
Indonesia,1993,53.847565
Indonesia,1994,61.353291
Indonesia,1995,61.630429
Indonesia,1996,64.93878
Indonesia,1997,66.668977
Indonesia,1998,65.556514
Indonesia,1999,71.088834
Indonesia,2000,70.684425
Indonesia,2001,68.626497
Indonesia,2002,75.590243
Indonesia,2003,79.156846
Indonesia,2004,75.69469
Indonesia,2005,76.26978
Indonesia,2006,75.397099
Indonesia,2007,72.579129
Indonesia,2008,74.829941
Indonesia,2009,78.044057
Indonesia,2010,87.000515
Indonesia,2011,82.679043
Indonesia,2012,78.29957
Indonesia,2013,77.623654
Indonesia,2014,76.399578
Indonesia,2015,76.162201
Indonesia,2016,75.079964
Indonesia,2017,72.704988
Indonesia,2018,72.801675
Indonesia,2019,67.542348
Indonesia,2019,-0.072242
Indonesia,2019,0.016931
Malaysia,1970,0.0
Malaysia,1971,0.082875
Malaysia,1972,0.116051
Malaysia,1973,0.116051
Malaysia,1974,0.241926
Malaysia,1975,0.291626
Malaysia,1976,0.347177
Malaysia,1977,0.317676
Malaysia,1978,2.365559
Malaysia,1979,2.935412
Malaysia,1980,2.610935
Malaysia,1981,2.199233
Malaysia,1982,2.766777
Malaysia,1983,6.672131
Malaysia,1984,10.135545
Malaysia,1985,11.198527
Malaysia,1986,15.06085
Malaysia,1987,16.284326
Malaysia,1988,16.811165
Malaysia,1989,18.195135
Malaysia,1990,18.011381
Malaysia,1991,21.38757
Malaysia,1992,22.390076
Malaysia,1993,24.124109
Malaysia,1994,25.552273
Malaysia,1995,28.288812
Malaysia,1996,36.14604
Malaysia,1997,41.308597
Malaysia,1998,41.226024
Malaysia,1999,42.227367
Malaysia,2000,49.682197
Malaysia,2001,49.023939
Malaysia,2002,50.588174
Malaysia,2003,52.722279
Malaysia,2004,60.142219
Malaysia,2005,67.69998
Malaysia,2006,67.465891
Malaysia,2007,67.628698
Malaysia,2008,69.205075
Malaysia,2009,66.16569
Malaysia,2010,65.082059
Malaysia,2011,66.951167
Malaysia,2012,69.250721
Malaysia,2013,72.588601
Malaysia,2014,72.174108
Malaysia,2015,76.84601
Malaysia,2016,76.695481
Malaysia,2017,78.465631
Malaysia,2018,77.257906
Malaysia,2019,78.810156
Malaysia,2019,0.020092
Malaysia,2019,0.019755
Myanmar,1970,0.007369
Myanmar,1971,0.014246
Myanmar,1972,0.015229
Myanmar,1973,0.018422
Myanmar,1974,0.164814
Myanmar,1975,0.17685
Myanmar,1976,0.245625
Myanmar,1977,0.225975
Myanmar,1978,0.265275
Myanmar,1979,0.265275
Myanmar,1980,0.343875
Myanmar,1981,0.41265
Myanmar,1982,0.442125
Myanmar,1983,0.5895
Myanmar,1984,0.6288
Myanmar,1985,0.9039
Myanmar,1986,1.051275
Myanmar,1987,1.169175
Myanmar,1988,1.0218
Myanmar,1989,1.070925
Myanmar,1990,0.835125
Myanmar,1991,0.84495
Myanmar,1992,0.854775
Myanmar,1993,1.08075
Myanmar,1994,1.404975
Myanmar,1995,1.6113
Myanmar,1996,1.572
Myanmar,1997,1.483575
Myanmar,1998,1.7292
Myanmar,1999,1.6899
Myanmar,2000,3.3405
Myanmar,2001,6.8775
Myanmar,2002,8.253
Myanmar,2003,9.432
Myanmar,2004,10.0215
Myanmar,2005,11.9865
Myanmar,2006,12.3795
Myanmar,2007,13.2834
Myanmar,2008,12.183
Myanmar,2009,11.352372
Myanmar,2010,12.207877
Myanmar,2011,12.550024
Myanmar,2012,12.511102
Myanmar,2013,12.860942
Myanmar,2014,16.543192
Myanmar,2015,19.216684
Myanmar,2016,18.280076
Myanmar,2017,17.798892
Myanmar,2018,17.067444
Myanmar,2019,17.067444
Myanmar,2019,0.0
Myanmar,2019,0.004278
Pakistan,1970,2.910392
Pakistan,1971,2.902042
Pakistan,1972,2.689535
Pakistan,1973,3.063615
Pakistan,1974,3.389265
Pakistan,1975,3.8076
Pakistan,1976,3.88275
Pakistan,1977,4.2418
Pakistan,1978,4.3587
Pakistan,1979,4.9098
Pakistan,1980,5.9953
Pakistan,1981,6.53805
Pakistan,1982,7.1309
Pakistan,1983,7.0307
Pakistan,1984,7.2144
Pakistan,1985,7.3647
Pakistan,1986,7.8991
Pakistan,1987,8.45855
Pakistan,1988,8.9679
Pakistan,1989,9.56075
Pakistan,1990,10.21205
Pakistan,1991,11.03035
Pakistan,1992,10.8216
Pakistan,1993,12.4582
Pakistan,1994,12.70035
Pakistan,1995,13.026
Pakistan,1996,14.15325
Pakistan,1997,14.1115
Pakistan,1998,14.863
Pakistan,1999,16.9505
Pakistan,2000,17.9525
Pakistan,2001,18.9545
Pakistan,2002,20.54935
Pakistan,2003,25.55038
Pakistan,2004,30.676595
Pakistan,2005,32.610189
Pakistan,2006,33.319478
Pakistan,2007,33.800255
Pakistan,2008,34.607611
Pakistan,2009,34.701669
Pakistan,2010,35.348395
Pakistan,2011,35.339647
Pakistan,2012,36.597231
Pakistan,2013,35.585729
Pakistan,2014,34.986689
Pakistan,2015,35.047566
Pakistan,2016,34.678689
Pakistan,2017,34.651498
Pakistan,2018,34.200104
Pakistan,2019,33.86964
Pakistan,2019,-0.009663
Pakistan,2019,0.00849
Thailand,1970,0.0
Thailand,1971,0.0
Thailand,1972,0.0
Thailand,1973,0.0
Thailand,1974,0.0
Thailand,1975,0.0
Thailand,1976,0.0
Thailand,1977,0.0
Thailand,1978,0.0
Thailand,1979,0.0
Thailand,1980,0.0
Thailand,1981,0.272556
Thailand,1982,1.389157
Thailand,1983,1.635337
Thailand,1984,2.441282
Thailand,1985,3.209128
Thailand,1986,3.743983
Thailand,1987,5.230879
Thailand,1988,6.19986
Thailand,1989,6.193617
Thailand,1990,6.749866
Thailand,1991,8.365128
Thailand,1992,8.924366
Thailand,1993,10.044571
Thailand,1994,11.103584
Thailand,1995,11.756106
Thailand,1996,13.59035
Thailand,1997,16.730255
Thailand,1998,18.163666
Thailand,1999,19.896595
Thailand,2000,20.895029
Thailand,2001,20.324479
Thailand,2002,21.244429
Thailand,2003,22.217864
Thailand,2004,23.147574
Thailand,2005,24.51774
Thailand,2006,25.170262
Thailand,2007,26.903192
Thailand,2008,29.797942
Thailand,2009,29.389731
Thailand,2010,33.715101
Thailand,2011,33.803887
Thailand,2012,38.449858
Thailand,2013,38.934748
Thailand,2014,39.091995
Thailand,2015,37.477269
Thailand,2016,37.273708
Thailand,2017,35.946515
Thailand,2018,34.728116
Thailand,2019,35.772687
Thailand,2019,0.030079
Thailand,2019,0.008967
Vietnam,1970,0.0
Vietnam,1971,0.0
Vietnam,1972,0.0
Vietnam,1973,0.0
Vietnam,1974,0.0
Vietnam,1975,0.0
Vietnam,1976,0.0
Vietnam,1977,0.0
Vietnam,1978,0.0
Vietnam,1979,0.0
Vietnam,1980,0.0
Vietnam,1981,0.00965
Vietnam,1982,0.018335
Vietnam,1983,0.063207
Vietnam,1984,0.055005
Vietnam,1985,0.034258
Vietnam,1986,0.035705
Vietnam,1987,0.035705
Vietnam,1988,0.02702
Vietnam,1989,0.031845
Vietnam,1990,0.0386
Vietnam,1991,0.06948
Vietnam,1992,0.20265
Vietnam,1993,0.24125
Vietnam,1994,0.24125
Vietnam,1995,0.140407
Vietnam,1996,0.276955
Vietnam,1997,0.512415
Vietnam,1998,0.8685
Vietnam,1999,1.2545
Vietnam,2000,1.544
Vietnam,2001,1.93
Vietnam,2002,2.316
Vietnam,2003,2.289945
Vietnam,2004,4.0144
Vietnam,2005,6.2146
Vietnam,2006,6.755
Vietnam,2007,6.8322
Vietnam,2008,7.236535
Vietnam,2009,7.72965
Vietnam,2010,9.07293
Vietnam,2011,8.1832
Vietnam,2012,9.027575
Vietnam,2013,9.409715
Vietnam,2014,9.85265
Vietnam,2015,10.2869
Vietnam,2016,10.23865
Vietnam,2017,9.52069
Vietnam,2018,9.65965
Vietnam,2019,9.852747
Vietnam,2019,0.01999
Vietnam,2019,0.00247
Other Asia Pacific,1970,5.435645
Other Asia Pacific,1971,6.104836
Other Asia Pacific,1972,6.623193
Other Asia Pacific,1973,6.85318
Other Asia Pacific,1974,7.171514
Other Asia Pacific,1975,7.048072
Other Asia Pacific,1976,7.811689
Other Asia Pacific,1977,8.804458
Other Asia Pacific,1978,8.454824
Other Asia Pacific,1979,7.536511
Other Asia Pacific,1980,7.733035
Other Asia Pacific,1981,7.401399
Other Asia Pacific,1982,7.703688
Other Asia Pacific,1983,8.080456
Other Asia Pacific,1984,8.877974
Other Asia Pacific,1985,9.695396
Other Asia Pacific,1986,10.196053
Other Asia Pacific,1987,10.165778
Other Asia Pacific,1988,10.676449
Other Asia Pacific,1989,6.10131
Other Asia Pacific,1990,7.968635
Other Asia Pacific,1991,8.138892
Other Asia Pacific,1992,8.368412
Other Asia Pacific,1993,8.281754
Other Asia Pacific,1994,8.08823
Other Asia Pacific,1995,7.876831
Other Asia Pacific,1996,8.50777
Other Asia Pacific,1997,8.863668
Other Asia Pacific,1998,8.248216
Other Asia Pacific,1999,8.860182
Other Asia Pacific,2000,9.315889
Other Asia Pacific,2001,9.86722
Other Asia Pacific,2002,11.23155
Other Asia Pacific,2003,10.910621
Other Asia Pacific,2004,10.563477
Other Asia Pacific,2005,11.300379
Other Asia Pacific,2006,14.537639
Other Asia Pacific,2007,17.250952
Other Asia Pacific,2008,18.286579
Other Asia Pacific,2009,18.547128
Other Asia Pacific,2010,18.189113
Other Asia Pacific,2011,18.337304
Other Asia Pacific,2012,18.021404
Other Asia Pacific,2013,18.692104
Other Asia Pacific,2014,23.575313
Other Asia Pacific,2015,29.438841
Other Asia Pacific,2016,30.210355
Other Asia Pacific,2017,30.214418
Other Asia Pacific,2018,28.054863
Other Asia Pacific,2019,29.604166
Other Asia Pacific,2019,0.055224
Other Asia Pacific,2019,0.007421
Total Asia Pacific,1970,15.101652
Total Asia Pacific,1971,17.860784
Total Asia Pacific,1972,20.766739
Total Asia Pacific,1973,25.771795
Total Asia Pacific,1974,31.348168
Total Asia Pacific,1975,35.510557
Total Asia Pacific,1976,40.957539
Total Asia Pacific,1977,49.866091
Total Asia Pacific,1978,59.338425
Total Asia Pacific,1979,67.486751
Total Asia Pacific,1980,71.887645
Total Asia Pacific,1981,72.214207
Total Asia Pacific,1982,75.045201
Total Asia Pacific,1983,84.729079
Total Asia Pacific,1984,98.60346
Total Asia Pacific,1985,106.89887
Total Asia Pacific,1986,117.951873
Total Asia Pacific,1987,125.488128
Total Asia Pacific,1988,134.064277
Total Asia Pacific,1989,138.382903
Total Asia Pacific,1990,149.254269
Total Asia Pacific,1991,162.388981
Total Asia Pacific,1992,171.720671
Total Asia Pacific,1993,181.843681
Total Asia Pacific,1994,198.219008
Total Asia Pacific,1995,208.304192
Total Asia Pacific,1996,227.426784
Total Asia Pacific,1997,242.14043
Total Asia Pacific,1998,246.121993
Total Asia Pacific,1999,261.527652
Total Asia Pacific,2000,277.457265
Total Asia Pacific,2001,285.496062
Total Asia Pacific,2002,304.089901
Total Asia Pacific,2003,323.266077
Total Asia Pacific,2004,344.38172
Total Asia Pacific,2005,372.027349
Total Asia Pacific,2006,389.526998
Total Asia Pacific,2007,407.062183
Total Asia Pacific,2008,426.379529
Total Asia Pacific,2009,444.592925
Total Asia Pacific,2010,489.829389
Total Asia Pacific,2011,494.654888
Total Asia Pacific,2012,504.017006
Total Asia Pacific,2013,514.223586
Total Asia Pacific,2014,535.514132
Total Asia Pacific,2015,563.471587
Total Asia Pacific,2016,582.793873
Total Asia Pacific,2017,608.458544
Total Asia Pacific,2018,632.044779
Total Asia Pacific,2019,672.131785
Total Asia Pacific,2019,0.063424
Total Asia Pacific,2019,0.168482
Total World,1970,976.099124
Total World,1971,1043.939938
Total World,1972,1095.433011
Total World,1973,1148.131448
Total World,1974,1172.178546
Total World,1975,1175.187839
Total World,1976,1225.807424
Total World,1977,1277.494547
Total World,1978,1320.807203
Total World,1979,1409.886128
Total World,1980,1428.436449
Total World,1981,1453.022489
Total World,1982,1459.6519
Total World,1983,1472.70173
Total World,1984,1598.748583
Total World,1985,1641.70691
Total World,1986,1684.218068
Total World,1987,1768.663886
Total World,1988,1846.710977
Total World,1989,1908.536536
Total World,1990,1970.754608
Total World,1991,1996.614478
Total World,1992,2001.931514
Total World,1993,2025.165273
Total World,1994,2054.329604
Total World,1995,2088.260943
Total World,1996,2188.920947
Total World,1997,2188.322588
Total World,1998,2245.674242
Total World,1999,2309.973172
Total World,2000,2401.004109
Total World,2001,2458.631379
Total World,2002,2515.113233
Total World,2003,2605.353191
Total World,2004,2690.525924
Total World,2005,2754.37262
Total World,2006,2848.158474
Total World,2007,2921.177694
Total World,2008,3029.321593
Total World,2009,2934.897421
Total World,2010,3146.194798
Total World,2011,3251.947294
Total World,2012,3318.907131
Total World,2013,3357.847241
Total World,2014,3425.90995
Total World,2015,3500.640175
Total World,2016,3540.357899
Total World,2017,3672.522093
Total World,2018,3857.504823
Total World,2019,3989.335031
Total World,2019,0.034175
Total World,2019,1.0
of which: OECD,1970,723.354388
of which: OECD,1971,767.106335
of which: OECD,1972,799.924206
of which: OECD,1973,823.872335
of which: OECD,1974,816.291818
of which: OECD,1975,782.49506
of which: OECD,1976,790.771844
of which: OECD,1977,803.713245
of which: OECD,1978,807.650911
of which: OECD,1979,839.822926
of which: OECD,1980,830.126783
of which: OECD,1981,819.835837
of which: OECD,1982,776.254812
of which: OECD,1983,732.982182
of which: OECD,1984,780.415203
of which: OECD,1985,768.010617
of which: OECD,1986,743.30315
of which: OECD,1987,772.639631
of which: OECD,1988,787.909423
of which: OECD,1989,807.321832
of which: OECD,1990,829.613803
of which: OECD,1991,849.564598
of which: OECD,1992,868.494008
of which: OECD,1993,900.708529
of which: OECD,1994,941.084639
of which: OECD,1995,954.680512
of which: OECD,1996,999.790968
of which: OECD,1997,1005.109113
of which: OECD,1998,1018.923815
of which: OECD,1999,1027.275803
of which: OECD,2000,1049.512835
of which: OECD,2001,1071.430258
of which: OECD,2002,1060.292675
of which: OECD,2003,1065.509045
of which: OECD,2004,1066.773289
of which: OECD,2005,1056.378272
of which: OECD,2006,1068.049554
of which: OECD,2007,1071.356415
of which: OECD,2008,1101.639497
of which: OECD,2009,1094.916751
of which: OECD,2010,1121.713717
of which: OECD,2011,1141.943544
of which: OECD,2012,1177.063263
of which: OECD,2013,1184.753911
of which: OECD,2014,1232.00996
of which: OECD,2015,1271.474994
of which: OECD,2016,1286.930037
of which: OECD,2017,1323.273338
of which: OECD,2018,1419.250998
of which: OECD,2019,1506.163221
of which: OECD,2019,0.061238
of which: OECD,2019,0.377547
Non-OECD,1970,252.744736
Non-OECD,1971,276.833603
Non-OECD,1972,295.508805
Non-OECD,1973,324.259113
Non-OECD,1974,355.886728
Non-OECD,1975,392.692779
Non-OECD,1976,435.035581
Non-OECD,1977,473.781302
Non-OECD,1978,513.156292
Non-OECD,1979,570.063202
Non-OECD,1980,598.309666
Non-OECD,1981,633.186652
Non-OECD,1982,683.397089
Non-OECD,1983,739.719548
Non-OECD,1984,818.33338
Non-OECD,1985,873.696293
Non-OECD,1986,940.914918
Non-OECD,1987,996.024255
Non-OECD,1988,1058.801555
Non-OECD,1989,1101.214704
Non-OECD,1990,1141.140805
Non-OECD,1991,1147.04988
Non-OECD,1992,1133.437505
Non-OECD,1993,1124.456744
Non-OECD,1994,1113.244965
Non-OECD,1995,1133.580431
Non-OECD,1996,1189.129979
Non-OECD,1997,1183.213475
Non-OECD,1998,1226.750427
Non-OECD,1999,1282.697369
Non-OECD,2000,1351.491274
Non-OECD,2001,1387.201121
Non-OECD,2002,1454.820558
Non-OECD,2003,1539.844145
Non-OECD,2004,1623.752635
Non-OECD,2005,1697.994348
Non-OECD,2006,1780.10892
Non-OECD,2007,1849.821279
Non-OECD,2008,1927.682097
Non-OECD,2009,1839.98067
Non-OECD,2010,2024.481081
Non-OECD,2011,2110.003749
Non-OECD,2012,2141.843867
Non-OECD,2013,2173.09333
Non-OECD,2014,2193.899991
Non-OECD,2015,2229.165181
Non-OECD,2016,2253.427861
Non-OECD,2017,2349.248755
Non-OECD,2018,2438.253825
Non-OECD,2019,2483.17181
Non-OECD,2019,0.018422
Non-OECD,2019,0.622453
European Union #,1970,103.933783
European Union #,1971,126.999169
European Union #,1972,152.930378
European Union #,1973,172.027561
European Union #,1974,191.121906
European Union #,1975,198.853677
European Union #,1976,211.380323
European Union #,1977,214.813538
European Union #,1978,208.32856
European Union #,1979,209.460324
European Union #,1980,201.375349
European Union #,1981,197.845846
European Union #,1982,186.219845
European Union #,1983,191.249012
European Union #,1984,192.328979
European Union #,1985,198.365658
European Union #,1986,191.705316
European Union #,1987,194.858652
European Union #,1988,183.311598
European Union #,1989,186.655592
European Union #,1990,190.206091
European Union #,1991,202.363989
European Union #,1992,201.23071
European Union #,1993,213.849279
European Union #,1994,213.103033
European Union #,1995,221.518235
European Union #,1996,245.710716
European Union #,1997,235.498398
European Union #,1998,233.511109
European Union #,1999,237.081517
European Union #,2000,243.305243
European Union #,2001,243.268843
European Union #,2002,239.183059
European Union #,2003,234.521388
European Union #,2004,238.471462
European Union #,2005,221.550032
European Union #,2006,211.249965
European Union #,2007,195.560175
European Union #,2008,199.62087
European Union #,2009,178.846823
European Union #,2010,183.465954
European Union #,2011,163.535907
European Union #,2012,153.134047
European Union #,2013,150.905564
European Union #,2014,137.353875
European Union #,2015,124.936498
European Union #,2016,124.08588
European Union #,2017,119.252199
European Union #,2018,109.317533
European Union #,2019,100.954445
European Union #,2019,-0.076503
European Union #,2019,0.025306
