country,year,production_kbbl_day
Canada,1965,920.0
Canada,1966,1012.0
Canada,1967,1106.0
Canada,1968,1194.0
Canada,1969,1306.0
Canada,1970,1473.0
Canada,1971,1582.0
Canada,1972,1829.0
Canada,1973,2114.0
Canada,1974,1993.0
Canada,1975,1735.0
Canada,1976,1598.0
Canada,1977,1608.0
Canada,1978,1597.0
Canada,1979,1835.0
Canada,1980,1764.0
Canada,1981,1610.0
Canada,1982,1590.0
Canada,1983,1661.0
Canada,1984,1775.0
Canada,1985,1812.795211
Canada,1986,1805.117462
Canada,1987,1908.769948
Canada,1988,2002.418514
Canada,1989,1961.456228
Canada,1990,1967.735671
Canada,1991,1983.505343
Canada,1992,2065.57906
Canada,1993,2189.010303
Canada,1994,2281.334789
Canada,1995,2402.127813
Canada,1996,2479.917424
Canada,1997,2587.590283
Canada,1998,2672.381339
Canada,1999,2604.399595
Canada,2000,2883.728714
Canada,2001,2894.519207
Canada,2002,3011.468329
Canada,2003,3156.573402
Canada,2004,3230.070441
Canada,2005,3188.008669
Canada,2006,3359.120817
Canada,2007,3433.05625
Canada,2008,3341.448209
Canada,2009,3330.725337
Canada,2010,3456.807609
Canada,2011,3636.742724
Canada,2012,3859.869534
Canada,2013,4127.940755
Canada,2014,4418.059568
Canada,2015,4572.266772
Canada,2016,4655.475875
Canada,2017,5037.332018
Canada,2018,5500.678681
Canada,2019,5650.772745
Canada,2019,0.027286
Canada,2019,0.059362
Mexico,1965,362.0
Mexico,1966,370.0
Mexico,1967,411.0
Mexico,1968,439.0
Mexico,1969,461.0
Mexico,1970,487.0
Mexico,1971,486.0
Mexico,1972,506.0
Mexico,1973,525.0
Mexico,1974,653.0
Mexico,1975,806.0
Mexico,1976,894.0
Mexico,1977,1085.0
Mexico,1978,1327.0
Mexico,1979,1607.0
Mexico,1980,2129.0
Mexico,1981,2553.0
Mexico,1982,3001.0
Mexico,1983,2930.0
Mexico,1984,2942.0
Mexico,1985,2912.0
Mexico,1986,2758.0
Mexico,1987,2879.0
Mexico,1988,2877.0
Mexico,1989,2897.0
Mexico,1990,2940.776929
Mexico,1991,3099.631422
Mexico,1992,3098.273033
Mexico,1993,3115.344899
Mexico,1994,3135.955619
Mexico,1995,3054.768086
Mexico,1996,3270.057022
Mexico,1997,3408.626121
Mexico,1998,3498.555624
Mexico,1999,3351.690314
Mexico,2000,3455.945608
Mexico,2001,3568.128043
Mexico,2002,3592.648327
Mexico,2003,3794.699589
Mexico,2004,3830.180329
Mexico,2005,3765.620805
Mexico,2006,3689.125731
Mexico,2007,3478.530384
Mexico,2008,3165.327712
Mexico,2009,2978.494802
Mexico,2010,2959.36648
Mexico,2011,2940.31338
Mexico,2012,2911.097981
Mexico,2013,2874.752731
Mexico,2014,2784.200879
Mexico,2015,2586.540847
Mexico,2016,2455.799498
Mexico,2017,2224.15016
Mexico,2018,2068.371143
Mexico,2019,1918.142825
Mexico,2019,-0.072631
Mexico,2019,0.02015
US,1965,9014.148
US,1966,9579.241
US,1967,10219.252
US,1968,10599.743
US,1969,10827.674
US,1970,11296.849
US,1971,11155.778
US,1972,11184.896
US,1973,10945.953
US,1974,10461.205
US,1975,10007.737
US,1976,9735.639
US,1977,9862.562
US,1978,10274.441
US,1979,10135.534
US,1980,10169.626
US,1981,10180.573
US,1982,10198.534
US,1983,10246.668
US,1984,10508.951
US,1985,10580.378
US,1986,10231.142
US,1987,9943.978
US,1988,9764.689
US,1989,9159.077
US,1990,8914.307
US,1991,9075.545
US,1992,8868.125
US,1993,8582.665
US,1994,8388.579
US,1995,8321.639
US,1996,8294.527
US,1997,8268.592
US,1998,8010.833
US,1999,7731.458
US,2000,7732.658645
US,2001,7669.609219
US,2002,7624.338274
US,2003,7368.447945
US,2004,7250.243956
US,2005,6900.783644
US,2006,6824.858521
US,2007,6856.691781
US,2008,6783.35406
US,2009,7266.706959
US,2010,7558.36711
US,2011,7882.727589
US,2012,8926.461541
US,2013,10098.679
US,2014,11801.448342
US,2015,12780.997014
US,2016,12348.541169
US,2017,13134.853658
US,2018,15359.943712
US,2019,17044.601699
US,2019,0.109679
US,2019,0.179054
Total North America,1965,10296.148
Total North America,1966,10961.241
Total North America,1967,11736.252
Total North America,1968,12232.743
Total North America,1969,12594.674
Total North America,1970,13256.849
Total North America,1971,13223.778
Total North America,1972,13519.896
Total North America,1973,13584.953
Total North America,1974,13107.205
Total North America,1975,12548.737
Total North America,1976,12227.639
Total North America,1977,12555.562
Total North America,1978,13198.441
Total North America,1979,13577.534
Total North America,1980,14062.626
Total North America,1981,14343.573
Total North America,1982,14789.534
Total North America,1983,14837.668
Total North America,1984,15225.951
Total North America,1985,15305.173211
Total North America,1986,14794.259462
Total North America,1987,14731.747948
Total North America,1988,14644.107514
Total North America,1989,14017.533228
Total North America,1990,13822.8196
Total North America,1991,14158.681765
Total North America,1992,14031.977093
Total North America,1993,13887.020202
Total North America,1994,13805.869408
Total North America,1995,13778.534899
Total North America,1996,14044.501446
Total North America,1997,14264.808404
Total North America,1998,14181.769963
Total North America,1999,13687.547909
Total North America,2000,14072.332967
Total North America,2001,14132.256469
Total North America,2002,14228.45493
Total North America,2003,14319.720936
Total North America,2004,14310.494726
Total North America,2005,13854.413118
Total North America,2006,13873.105068
Total North America,2007,13768.278415
Total North America,2008,13290.129982
Total North America,2009,13575.927097
Total North America,2010,13974.541198
Total North America,2011,14459.783692
Total North America,2012,15697.429055
Total North America,2013,17101.372486
Total North America,2014,19003.708789
Total North America,2015,19939.804633
Total North America,2016,19459.816542
Total North America,2017,20396.335835
Total North America,2018,22928.993536
Total North America,2019,24613.517268
Total North America,2019,0.073467
Total North America,2019,0.258566
Argentina,1965,275.673973
Argentina,1966,292.86411
Argentina,1967,318.631233
Argentina,1968,348.15847
Argentina,1969,361.532055
Argentina,1970,399.464658
Argentina,1971,431.538082
Argentina,1972,444.115847
Argentina,1973,433.635616
Argentina,1974,423.387397
Argentina,1975,406.090959
Argentina,1976,408.021858
Argentina,1977,441.715068
Argentina,1978,466.204932
Argentina,1979,487.28274
Argentina,1980,505.710383
Argentina,1981,518.925479
Argentina,1982,517.082192
Argentina,1983,520.172603
Argentina,1984,509.006557
Argentina,1985,490.794521
Argentina,1986,465.367671
Argentina,1987,459.404932
Argentina,1988,481.202186
Argentina,1989,492.286575
Argentina,1990,517.410959
Argentina,1991,525.611507
Argentina,1992,586.871038
Argentina,1993,629.865205
Argentina,1994,695.492055
Argentina,1995,757.916164
Argentina,1996,822.798907
Argentina,1997,877.430137
Argentina,1998,889.947945
Argentina,1999,834.551986
Argentina,2000,848.377677
Argentina,2001,921.311702
Argentina,2002,907.621897
Argentina,2003,912.922588
Argentina,2004,873.900975
Argentina,2005,842.478415
Argentina,2006,848.518663
Argentina,2007,813.929681
Argentina,2008,802.330769
Argentina,2009,729.694854
Argentina,2010,711.840091
Argentina,2011,667.236399
Argentina,2012,656.656085
Argentina,2013,644.372528
Argentina,2014,637.593411
Argentina,2015,646.360166
Argentina,2016,609.630946
Argentina,2017,590.062751
Argentina,2018,591.322184
Argentina,2019,620.409646
Argentina,2019,0.049191
Argentina,2019,0.006517
Brazil,1965,96.05
Brazil,1966,117.05
Brazil,1967,147.05
Brazil,1968,161.05
Brazil,1969,176.05
Brazil,1970,166.681031
Brazil,1971,174.845001
Brazil,1972,171.186291
Brazil,1973,173.986204
Brazil,1974,181.76224
Brazil,1975,177.414826
Brazil,1976,172.330537
Brazil,1977,166.719999
Brazil,1978,165.825247
Brazil,1979,171.645015
Brazil,1980,187.778192
Brazil,1981,220.021009
Brazil,1982,267.914673
Brazil,1983,339.424115
Brazil,1984,473.727097
Brazil,1985,560.960241
Brazil,1986,591.120781
Brazil,1987,589.7826
Brazil,1988,573.515355
Brazil,1989,613.198388
Brazil,1990,650.536001
Brazil,1991,643.351567
Brazil,1992,652.6
Brazil,1993,667.4
Brazil,1994,691.7
Brazil,1995,714.9
Brazil,1996,808.4
Brazil,1997,869.4
Brazil,1998,1003.2
Brazil,1999,1132.4
Brazil,2000,1276.2
Brazil,2001,1339.1
Brazil,2002,1497.7
Brazil,2003,1557.8
Brazil,2004,1542.8
Brazil,2005,1705.575861
Brazil,2006,1806.129413
Brazil,2007,1819.734556
Brazil,2008,1886.689816
Brazil,2009,2019.426378
Brazil,2010,2125.05181
Brazil,2011,2173.046463
Brazil,2012,2131.583647
Brazil,2013,2095.975105
Brazil,2014,2341.375161
Brazil,2015,2524.976918
Brazil,2016,2591.34857
Brazil,2017,2720.902161
Brazil,2018,2678.88821
Brazil,2019,2876.530316
Brazil,2019,0.073778
Brazil,2019,0.030218
Colombia,1965,203.0
Colombia,1966,199.0
Colombia,1967,192.0
Colombia,1968,176.0
Colombia,1969,214.0
Colombia,1970,226.0
Colombia,1971,224.0
Colombia,1972,203.0
Colombia,1973,192.0
Colombia,1974,175.0
Colombia,1975,164.0
Colombia,1976,153.0
Colombia,1977,144.0
Colombia,1978,137.0
Colombia,1979,129.0
Colombia,1980,131.0
Colombia,1981,140.0
Colombia,1982,147.0
Colombia,1983,158.0
Colombia,1984,173.0
Colombia,1985,183.0
Colombia,1986,307.0
Colombia,1987,388.0
Colombia,1988,380.0
Colombia,1989,407.0
Colombia,1990,446.0
Colombia,1991,430.0
Colombia,1992,442.0
Colombia,1993,458.0
Colombia,1994,460.0
Colombia,1995,591.0
Colombia,1996,635.0
Colombia,1997,667.0
Colombia,1998,775.0
Colombia,1999,838.0
Colombia,2000,687.0
Colombia,2001,604.0
Colombia,2002,578.0
Colombia,2003,541.0
Colombia,2004,528.29
Colombia,2005,526.161819
Colombia,2006,527.408726
Colombia,2007,531.093923
Colombia,2008,587.65827
Colombia,2009,670.603236
Colombia,2010,785.8646
Colombia,2011,915.264715
Colombia,2012,944.119227
Colombia,2013,1009.871696
Colombia,2014,990.379051
Colombia,2015,1005.574436
Colombia,2016,885.898434
Colombia,2017,854.03995
Colombia,2018,865.480983
Colombia,2019,885.829801
Colombia,2019,0.023512
Colombia,2019,0.009306
Ecuador,1965,8.0
Ecuador,1966,7.0
Ecuador,1967,6.0
Ecuador,1968,5.0
Ecuador,1969,4.0
Ecuador,1970,4.0
Ecuador,1971,4.0
Ecuador,1972,78.0
Ecuador,1973,209.0
Ecuador,1974,177.0
Ecuador,1975,161.0
Ecuador,1976,188.0
Ecuador,1977,184.0
Ecuador,1978,204.0
Ecuador,1979,216.0
Ecuador,1980,206.0
Ecuador,1981,213.0
Ecuador,1982,213.0
Ecuador,1983,240.0
Ecuador,1984,261.0
Ecuador,1985,286.0
Ecuador,1986,298.0
Ecuador,1987,176.0
Ecuador,1988,309.0
Ecuador,1989,286.0
Ecuador,1990,292.0
Ecuador,1991,307.0
Ecuador,1992,328.0
Ecuador,1993,353.0
Ecuador,1994,388.0
Ecuador,1995,395.0
Ecuador,1996,393.0
Ecuador,1997,397.0
Ecuador,1998,385.0
Ecuador,1999,383.0
Ecuador,2000,403.0
Ecuador,2001,410.0
Ecuador,2002,394.0
Ecuador,2003,420.0
Ecuador,2004,528.0
Ecuador,2005,534.0
Ecuador,2006,537.679617
Ecuador,2007,513.088075
Ecuador,2008,506.718579
Ecuador,2009,488.065753
Ecuador,2010,488.08701
Ecuador,2011,500.608001
Ecuador,2012,504.615536
Ecuador,2013,527.353561
Ecuador,2014,556.553903
Ecuador,2015,543.094861
Ecuador,2016,548.391833
Ecuador,2017,531.312573
Ecuador,2018,517.239647
Ecuador,2019,531.002968
Ecuador,2019,0.026609
Ecuador,2019,0.005578
Peru,1965,66.0
Peru,1966,66.0
Peru,1967,74.0
Peru,1968,77.0
Peru,1969,75.0
Peru,1970,74.972603
Peru,1971,63.882192
Peru,1972,66.601093
Peru,1973,72.591781
Peru,1974,79.09863
Peru,1975,73.035616
Peru,1976,77.407104
Peru,1977,92.153425
Peru,1978,151.879452
Peru,1979,192.650104
Peru,1980,195.96082
Peru,1981,193.962178
Peru,1982,196.059896
Peru,1983,171.107701
Peru,1984,185.081691
Peru,1985,189.459586
Peru,1986,178.535115
Peru,1987,164.644249
Peru,1988,142.302721
Peru,1989,131.40137
Peru,1990,129.903288
Peru,1991,115.789863
Peru,1992,116.567486
Peru,1993,127.279178
Peru,1994,128.308493
Peru,1995,122.761918
Peru,1996,120.970492
Peru,1997,120.23866
Peru,1998,116.471721
Peru,1999,106.849674
Peru,2000,99.86123
Peru,2001,97.785022
Peru,2002,94.466948
Peru,2003,91.904153
Peru,2004,93.325216
Peru,2005,112.43603
Peru,2006,117.683263
Peru,2007,116.539279
Peru,2008,122.125085
Peru,2009,155.447841
Peru,2010,165.2114
Peru,2011,158.506586
Peru,2012,157.232995
Peru,2013,171.322816
Peru,2014,175.225466
Peru,2015,152.95231
Peru,2016,140.702243
Peru,2017,136.636178
Peru,2018,153.625912
Peru,2019,142.499061
Peru,2019,-0.072428
Peru,2019,0.001497
Trinidad & Tobago,1965,135.0
Trinidad & Tobago,1966,153.0
Trinidad & Tobago,1967,179.0
Trinidad & Tobago,1968,191.0
Trinidad & Tobago,1969,157.0
Trinidad & Tobago,1970,140.0
Trinidad & Tobago,1971,129.0
Trinidad & Tobago,1972,141.0
Trinidad & Tobago,1973,166.0
Trinidad & Tobago,1974,187.0
Trinidad & Tobago,1975,216.0
Trinidad & Tobago,1976,212.0
Trinidad & Tobago,1977,229.0
Trinidad & Tobago,1978,230.0
Trinidad & Tobago,1979,214.0
Trinidad & Tobago,1980,212.0
Trinidad & Tobago,1981,189.0
Trinidad & Tobago,1982,177.0
Trinidad & Tobago,1983,160.0
Trinidad & Tobago,1984,170.0
Trinidad & Tobago,1985,176.0
Trinidad & Tobago,1986,169.0
Trinidad & Tobago,1987,155.0
Trinidad & Tobago,1988,151.0
Trinidad & Tobago,1989,149.0
Trinidad & Tobago,1990,150.0
Trinidad & Tobago,1991,149.0
Trinidad & Tobago,1992,144.0
Trinidad & Tobago,1993,134.0
Trinidad & Tobago,1994,141.0
Trinidad & Tobago,1995,142.0
Trinidad & Tobago,1996,141.0
Trinidad & Tobago,1997,135.0
Trinidad & Tobago,1998,134.0
Trinidad & Tobago,1999,141.0
Trinidad & Tobago,2000,138.212254
Trinidad & Tobago,2001,134.054195
Trinidad & Tobago,2002,154.225129
Trinidad & Tobago,2003,163.553992
Trinidad & Tobago,2004,152.094716
Trinidad & Tobago,2005,171.519682
Trinidad & Tobago,2006,174.274921
Trinidad & Tobago,2007,155.16766
Trinidad & Tobago,2008,149.031626
Trinidad & Tobago,2009,150.314844
Trinidad & Tobago,2010,145.367597
Trinidad & Tobago,2011,135.871288
Trinidad & Tobago,2012,116.952331
Trinidad & Tobago,2013,115.602732
Trinidad & Tobago,2014,114.115419
Trinidad & Tobago,2015,108.746447
Trinidad & Tobago,2016,96.660918
Trinidad & Tobago,2017,98.690234
Trinidad & Tobago,2018,87.316538
Trinidad & Tobago,2019,82.221229
Trinidad & Tobago,2019,-0.058354
Trinidad & Tobago,2019,0.000864
Venezuela,1965,3503.0
Venezuela,1966,3402.0
Venezuela,1967,3576.0
Venezuela,1968,3639.0
Venezuela,1969,3631.0
Venezuela,1970,3754.0
Venezuela,1971,3615.0
Venezuela,1972,3301.0
Venezuela,1973,3455.0
Venezuela,1974,3060.0
Venezuela,1975,2422.0
Venezuela,1976,2371.0
Venezuela,1977,2314.0
Venezuela,1978,2227.0
Venezuela,1979,2425.0
Venezuela,1980,2228.0
Venezuela,1981,2163.0
Venezuela,1982,1954.0
Venezuela,1983,1852.0
Venezuela,1984,1853.0
Venezuela,1985,1744.0
Venezuela,1986,1886.0
Venezuela,1987,1910.0
Venezuela,1988,1998.0
Venezuela,1989,2012.0
Venezuela,1990,2244.0
Venezuela,1991,2501.0
Venezuela,1992,2499.0
Venezuela,1993,2592.0
Venezuela,1994,2752.0
Venezuela,1995,2959.0
Venezuela,1996,3137.0
Venezuela,1997,3321.123
Venezuela,1998,3447.309
Venezuela,1999,3095.06
Venezuela,2000,3111.632763
Venezuela,2001,3174.431042
Venezuela,2002,2975.087352
Venezuela,2003,2868.561487
Venezuela,2004,3305.899818
Venezuela,2005,3302.107675
Venezuela,2006,3339.685411
Venezuela,2007,3237.070616
Venezuela,2008,3228.174699
Venezuela,2009,3037.835918
Venezuela,2010,2841.572027
Venezuela,2011,2755.021082
Venezuela,2012,2703.734191
Venezuela,2013,2680.356164
Venezuela,2014,2692.493151
Venezuela,2015,2630.863
Venezuela,2016,2347.0
Venezuela,2017,2096.0428
Venezuela,2018,1474.702089
Venezuela,2019,918.260362
Venezuela,2019,-0.377325
Venezuela,2019,0.009646
Other S. & Cent. America,1965,47.134521
Other S. & Cent. America,1966,54.411096
Other S. & Cent. America,1967,78.214247
Other S. & Cent. America,1968,84.571311
Other S. & Cent. America,1969,83.804658
Other S. & Cent. America,1970,63.946712
Other S. & Cent. America,1971,80.384658
Other S. & Cent. America,1972,89.237158
Other S. & Cent. America,1973,89.738904
Other S. & Cent. America,1974,85.596164
Other S. & Cent. America,1975,77.88
Other S. & Cent. America,1976,77.64612
Other S. & Cent. America,1977,68.013616
Other S. & Cent. America,1978,65.872329
Other S. & Cent. America,1979,66.25474
Other S. & Cent. America,1980,80.055656
Other S. & Cent. America,1981,87.104192
Other S. & Cent. America,1982,99.377589
Other S. & Cent. America,1983,97.913699
Other S. & Cent. America,1984,94.687623
Other S. & Cent. America,1985,91.159836
Other S. & Cent. America,1986,88.823863
Other S. & Cent. America,1987,85.648466
Other S. & Cent. America,1988,77.082596
Other S. & Cent. America,1989,76.185425
Other S. & Cent. America,1990,77.254658
Other S. & Cent. America,1991,77.188137
Other S. & Cent. America,1992,76.022842
Other S. & Cent. America,1993,82.529507
Other S. & Cent. America,1994,89.500548
Other S. & Cent. America,1995,96.402521
Other S. & Cent. America,1996,101.755902
Other S. & Cent. America,1997,107.613945
Other S. & Cent. America,1998,124.930877
Other S. & Cent. America,1999,123.531616
Other S. & Cent. America,2000,125.520492
Other S. & Cent. America,2001,133.60874
Other S. & Cent. America,2002,149.107055
Other S. & Cent. America,2003,149.241014
Other S. & Cent. America,2004,143.405319
Other S. & Cent. America,2005,143.098262
Other S. & Cent. America,2006,138.686511
Other S. & Cent. America,2007,148.463781
Other S. & Cent. America,2008,143.118742
Other S. & Cent. America,2009,135.674418
Other S. & Cent. America,2010,144.336179
Other S. & Cent. America,2011,144.431116
Other S. & Cent. America,2012,147.103133
Other S. & Cent. America,2013,151.723607
Other S. & Cent. America,2014,154.703514
Other S. & Cent. America,2015,145.500264
Other S. & Cent. America,2016,134.899829
Other S. & Cent. America,2017,133.017126
Other S. & Cent. America,2018,126.786303
Other S. & Cent. America,2019,117.736034
Other S. & Cent. America,2019,-0.071382
Other S. & Cent. America,2019,0.001237
Total S. & Cent. America,1965,4333.858493
Total S. & Cent. America,1966,4291.325205
Total S. & Cent. America,1967,4570.895479
Total S. & Cent. America,1968,4681.779781
Total S. & Cent. America,1969,4702.386712
Total S. & Cent. America,1970,4829.065003
Total S. & Cent. America,1971,4722.649933
Total S. & Cent. America,1972,4494.140389
Total S. & Cent. America,1973,4791.952505
Total S. & Cent. America,1974,4368.844431
Total S. & Cent. America,1975,3697.421402
Total S. & Cent. America,1976,3659.405619
Total S. & Cent. America,1977,3639.602108
Total S. & Cent. America,1978,3647.78196
Total S. & Cent. America,1979,3901.832598
Total S. & Cent. America,1980,3746.50505
Total S. & Cent. America,1981,3725.012858
Total S. & Cent. America,1982,3571.434349
Total S. & Cent. America,1983,3538.618118
Total S. & Cent. America,1984,3719.502969
Total S. & Cent. America,1985,3721.374184
Total S. & Cent. America,1986,3983.84743
Total S. & Cent. America,1987,3928.480247
Total S. & Cent. America,1988,4112.102858
Total S. & Cent. America,1989,4167.071758
Total S. & Cent. America,1990,4507.104905
Total S. & Cent. America,1991,4748.941074
Total S. & Cent. America,1992,4845.061366
Total S. & Cent. America,1993,5044.07389
Total S. & Cent. America,1994,5346.001096
Total S. & Cent. America,1995,5778.980603
Total S. & Cent. America,1996,6159.925301
Total S. & Cent. America,1997,6494.805742
Total S. & Cent. America,1998,6875.859542
Total S. & Cent. America,1999,6654.393277
Total S. & Cent. America,2000,6689.804415
Total S. & Cent. America,2001,6814.2907
Total S. & Cent. America,2002,6750.208381
Total S. & Cent. America,2003,6704.983234
Total S. & Cent. America,2004,7167.716043
Total S. & Cent. America,2005,7337.377744
Total S. & Cent. America,2006,7490.066524
Total S. & Cent. America,2007,7335.087572
Total S. & Cent. America,2008,7425.847586
Total S. & Cent. America,2009,7387.063243
Total S. & Cent. America,2010,7407.330715
Total S. & Cent. America,2011,7449.98565
Total S. & Cent. America,2012,7361.997143
Total S. & Cent. America,2013,7396.578209
Total S. & Cent. America,2014,7662.439076
Total S. & Cent. America,2015,7758.0684
Total S. & Cent. America,2016,7354.532773
Total S. & Cent. America,2017,7160.703773
Total S. & Cent. America,2018,6495.361866
Total S. & Cent. America,2019,6174.489417
Total S. & Cent. America,2019,-0.0494
Total S. & Cent. America,2019,0.064863
Denmark,1972,2.0
Denmark,1973,3.0
Denmark,1974,2.0
Denmark,1975,3.0
Denmark,1976,4.0
Denmark,1977,10.0
Denmark,1978,8.0
Denmark,1979,8.0
Denmark,1980,6.0
Denmark,1981,15.0
Denmark,1982,34.0
Denmark,1983,43.0
Denmark,1984,47.0
Denmark,1985,60.0
Denmark,1986,74.0
Denmark,1987,93.0
Denmark,1988,96.0
Denmark,1989,112.0
Denmark,1990,121.0
Denmark,1991,142.0
Denmark,1992,157.0
Denmark,1993,168.0
Denmark,1994,185.0
Denmark,1995,186.0
Denmark,1996,208.0
Denmark,1997,230.0
Denmark,1998,238.0
Denmark,1999,299.0
Denmark,2000,363.0
Denmark,2001,348.0
Denmark,2002,371.0
Denmark,2003,368.0
Denmark,2004,390.0
Denmark,2005,379.975498
Denmark,2006,345.53853
Denmark,2007,311.273093
Denmark,2008,287.228546
Denmark,2009,264.775214
Denmark,2010,249.459601
Denmark,2011,224.507517
Denmark,2012,204.235335
Denmark,2013,178.177989
Denmark,2014,166.840448
Denmark,2015,157.799156
Denmark,2016,141.703719
Denmark,2017,138.246254
Denmark,2018,115.876702
Denmark,2019,102.956391
Denmark,2019,-0.111501
Denmark,2019,0.001082
Italy,1965,47.766274
Italy,1966,39.076992
Italy,1967,36.559737
Italy,1968,34.582825
Italy,1969,33.861236
Italy,1970,31.899301
Italy,1971,28.538025
Italy,1972,25.471825
Italy,1973,23.356471
Italy,1974,23.374515
Italy,1975,26.882189
Italy,1976,28.217044
Italy,1977,27.10254
Italy,1978,31.397036
Italy,1979,36.225899
Italy,1980,35.494694
Italy,1981,31.045315
Italy,1982,36.838529
Italy,1983,46.72754
Italy,1984,47.261639
Italy,1985,49.685173
Italy,1986,53.27014
Italy,1987,81.809458
Italy,1988,100.231855
Italy,1989,95.674745
Italy,1990,97.009668
Italy,1991,90.026529
Italy,1992,93.252325
Italy,1993,96.37474
Italy,1994,101.647159
Italy,1995,108.796033
Italy,1996,112.919317
Italy,1997,123.51423
Italy,1998,116.753973
Italy,1999,104.166622
Italy,2000,94.906134
Italy,2001,85.668611
Italy,2002,114.766882
Italy,2003,115.569205
Italy,2004,113.162596
Italy,2005,126.781496
Italy,2006,119.683027
Italy,2007,121.57762
Italy,2008,108.330951
Italy,2009,94.862961
Italy,2010,105.940951
Italy,2011,110.099632
Italy,2012,111.649458
Italy,2013,114.130731
Italy,2014,119.588909
Italy,2015,113.467557
Italy,2016,77.777255
Italy,2017,86.042492
Italy,2018,97.159477
Italy,2019,88.746149
Italy,2019,-0.086593
Italy,2019,0.000932
Norway,1971,6.0
Norway,1972,33.0
Norway,1973,32.0
Norway,1974,35.0
Norway,1975,189.0
Norway,1976,279.0
Norway,1977,287.0
Norway,1978,356.0
Norway,1979,407.0
Norway,1980,528.0
Norway,1981,512.0
Norway,1982,532.0
Norway,1983,661.0
Norway,1984,752.0
Norway,1985,823.0
Norway,1986,907.0
Norway,1987,1054.0
Norway,1988,1196.0
Norway,1989,1567.0
Norway,1990,1716.0
Norway,1991,1955.0
Norway,1992,2217.0
Norway,1993,2377.0
Norway,1994,2693.0
Norway,1995,2903.0
Norway,1996,3232.0
Norway,1997,3280.0
Norway,1998,3138.0
Norway,1999,3139.0
Norway,2000,3325.603016
Norway,2001,3395.339083
Norway,2002,3313.751908
Norway,2003,3244.529701
Norway,2004,3172.92684
Norway,2005,2953.924695
Norway,2006,2764.386314
Norway,2007,2542.605968
Norway,2008,2458.102428
Norway,2009,2342.679215
Norway,2010,2132.682303
Norway,2011,2033.012687
Norway,2012,1911.122991
Norway,2013,1832.040241
Norway,2014,1880.530908
Norway,2015,1940.076408
Norway,2016,1990.920067
Norway,2017,1965.033205
Norway,2018,1845.472778
Norway,2019,1730.694209
Norway,2019,-0.062195
Norway,2019,0.018181
Romania,1965,265.775918
Romania,1966,271.002055
Romania,1967,278.84126
Romania,1968,279.70041
Romania,1969,281.088932
Romania,1970,283.784301
Romania,1971,292.343644
Romania,1972,298.418798
Romania,1973,303.932521
Romania,1974,308.027014
Romania,1975,311.306575
Romania,1976,312.713115
Romania,1977,312.541096
Romania,1978,293.488329
Romania,1979,264.662274
Romania,1980,250.119153
Romania,1981,253.540932
Romania,1982,255.557315
Romania,1983,252.491589
Romania,1984,248.929044
Romania,1985,235.62789
Romania,1986,223.426712
Romania,1987,210.649425
Romania,1988,205.440956
Romania,1989,201.559534
Romania,1990,169.04789
Romania,1991,145.910164
Romania,1992,141.75806
Romania,1993,144.276795
Romania,1994,145.368959
Romania,1995,144.871973
Romania,1996,142.381585
Romania,1997,140.728411
Romania,1998,136.762164
Romania,1999,133.142466
Romania,2000,131.741585
Romania,2001,130.89263
Romania,2002,127.869315
Romania,2003,123.866877
Romania,2004,119.777104
Romania,2005,114.355753
Romania,2006,105.248411
Romania,2007,99.904712
Romania,2008,98.807705
Romania,2009,93.802904
Romania,2010,89.539945
Romania,2011,88.516301
Romania,2012,83.070492
Romania,2013,85.982822
Romania,2014,84.368575
Romania,2015,83.494849
Romania,2016,79.31
Romania,2017,75.846521
Romania,2018,74.617699
Romania,2019,74.815342
Romania,2019,0.002649
Romania,2019,0.000786
United Kingdom,1965,1.739836
United Kingdom,1966,1.615562
United Kingdom,1967,1.843397
United Kingdom,1968,1.735082
United Kingdom,1969,1.79211
United Kingdom,1970,3.519123
United Kingdom,1971,4.899945
United Kingdom,1972,7.861967
United Kingdom,1973,8.825425
United Kingdom,1974,9.762411
United Kingdom,1975,33.859397
United Kingdom,1976,254.43224
United Kingdom,1977,798.633425
United Kingdom,1978,1127.279233
United Kingdom,1979,1623.398795
United Kingdom,1980,1676.138579
United Kingdom,1981,1867.711123
United Kingdom,1982,2166.716603
United Kingdom,1983,2422.073753
United Kingdom,1984,2652.12776
United Kingdom,1985,2695.422356
United Kingdom,1986,2690.987616
United Kingdom,1987,2612.321863
United Kingdom,1988,2413.901093
United Kingdom,1989,1943.294137
United Kingdom,1990,1932.809644
United Kingdom,1991,1933.555397
United Kingdom,1992,1995.892459
United Kingdom,1993,2134.836712
United Kingdom,1994,2694.437589
United Kingdom,1995,2769.156274
United Kingdom,1996,2755.097814
United Kingdom,1997,2721.449205
United Kingdom,1998,2848.726411
United Kingdom,1999,2949.542356
United Kingdom,2000,2709.81501
United Kingdom,2001,2513.557753
United Kingdom,2002,2499.754636
United Kingdom,2003,2291.130509
United Kingdom,2004,2059.272222
United Kingdom,2005,1837.774984
United Kingdom,2006,1661.628987
United Kingdom,2007,1654.653025
United Kingdom,2008,1554.362397
United Kingdom,2009,1473.878276
United Kingdom,2010,1358.15995
United Kingdom,2011,1113.79157
United Kingdom,2012,947.26136
United Kingdom,2013,865.343678
United Kingdom,2014,853.554111
United Kingdom,2015,963.528768
United Kingdom,2016,1014.808042
United Kingdom,2017,1005.425044
United Kingdom,2018,1091.761161
United Kingdom,2019,1117.522216
United Kingdom,2019,0.023596
United Kingdom,2019,0.01174
Other Europe,1965,470.471945
Other Europe,1966,486.677973
Other Europe,1967,506.991836
Other Europe,1968,517.637678
Other Europe,1969,530.044959
Other Europe,1970,528.236959
Other Europe,1971,509.311726
Other Europe,1972,504.314016
Other Europe,1973,509.054959
Other Europe,1974,509.818164
Other Europe,1975,507.51211
Other Europe,1976,494.072923
Other Europe,1977,481.448356
Other Europe,1978,489.832055
Other Europe,1979,508.410932
Other Europe,1980,483.815492
Other Europe,1981,469.982986
Other Europe,1982,492.68726
Other Europe,1983,529.680877
Other Europe,1984,531.360301
Other Europe,1985,701.148877
Other Europe,1986,705.306274
Other Europe,1987,683.984247
Other Europe,1988,662.080874
Other Europe,1989,641.885452
Other Europe,1990,631.909781
Other Europe,1991,636.060466
Other Europe,1992,600.692186
Other Europe,1993,556.042658
Other Europe,1994,558.739863
Other Europe,1995,531.42337
Other Europe,1996,502.624563
Other Europe,1997,481.218745
Other Europe,1998,463.419364
Other Europe,1999,431.909553
Other Europe,2000,419.517208
Other Europe,2001,419.373363
Other Europe,2002,433.989774
Other Europe,2003,437.618763
Other Europe,2004,429.356241
Other Europe,2005,408.400526
Other Europe,2006,399.336708
Other Europe,2007,397.36852
Other Europe,2008,377.455593
Other Europe,2009,356.686659
Other Europe,2010,341.644364
Other Europe,2011,336.271894
Other Europe,2012,335.974683
Other Europe,2013,344.25125
Other Europe,2014,339.206587
Other Europe,2015,331.357875
Other Europe,2016,313.270536
Other Europe,2017,302.866669
Other Europe,2018,307.553565
Other Europe,2019,298.031665
Other Europe,2019,-0.03096
Other Europe,2019,0.003131
Total Europe,1965,785.753973
Total Europe,1966,798.372581
Total Europe,1967,824.23623
Total Europe,1968,833.655995
Total Europe,1969,846.787236
Total Europe,1970,847.439685
Total Europe,1971,841.09334
Total Europe,1972,871.066607
Total Europe,1973,880.169375
Total Europe,1974,887.982104
Total Europe,1975,1071.560271
Total Europe,1976,1372.435322
Total Europe,1977,1916.725416
Total Europe,1978,2305.996652
Total Europe,1979,2847.697899
Total Europe,1980,2979.567918
Total Europe,1981,3149.280356
Total Europe,1982,3517.799707
Total Europe,1983,3954.973759
Total Europe,1984,4278.678743
Total Europe,1985,4564.884296
Total Europe,1986,4653.990742
Total Europe,1987,4735.764992
Total Europe,1988,4673.654779
Total Europe,1989,4561.413868
Total Europe,1990,4667.776984
Total Europe,1991,4902.552556
Total Europe,1992,5205.59503
Total Europe,1993,5476.530904
Total Europe,1994,6378.19357
Total Europe,1995,6643.247649
Total Europe,1996,6953.023279
Total Europe,1997,6976.910592
Total Europe,1998,6941.661912
Total Europe,1999,7056.760997
Total Europe,2000,7044.582952
Total Europe,2001,6892.83144
Total Europe,2002,6861.132515
Total Europe,2003,6580.715055
Total Europe,2004,6284.495003
Total Europe,2005,5821.212952
Total Europe,2006,5395.821977
Total Europe,2007,5127.382939
Total Europe,2008,4884.28762
Total Europe,2009,4626.68523
Total Europe,2010,4277.427113
Total Europe,2011,3906.199601
Total Europe,2012,3593.314319
Total Europe,2013,3419.92671
Total Europe,2014,3444.089538
Total Europe,2015,3589.724614
Total Europe,2016,3617.78962
Total Europe,2017,3573.460185
Total Europe,2018,3532.441382
Total Europe,2019,3412.765972
Total Europe,2019,-0.033879
Total Europe,2019,0.035851
Azerbaijan,1985,273.517808
Azerbaijan,1986,268.389041
Azerbaijan,1987,285.673973
Azerbaijan,1988,279.978142
Azerbaijan,1989,268.210959
Azerbaijan,1990,254.331507
Azerbaijan,1991,239.720575
Azerbaijan,1992,227.537186
Azerbaijan,1993,207.404082
Azerbaijan,1994,193.421753
Azerbaijan,1995,185.068521
Azerbaijan,1996,183.289399
Azerbaijan,1997,182.306575
Azerbaijan,1998,230.695616
Azerbaijan,1999,278.71863
Azerbaijan,2000,281.184973
Azerbaijan,2001,300.155342
Azerbaijan,2002,307.039589
Azerbaijan,2003,307.933973
Azerbaijan,2004,308.653689
Azerbaijan,2005,444.918603
Azerbaijan,2006,646.166685
Azerbaijan,2007,875.532932
Azerbaijan,2008,915.83112
Azerbaijan,2009,1026.670658
Azerbaijan,2010,1036.716877
Azerbaijan,2011,932.075808
Azerbaijan,2012,882.32123
Azerbaijan,2013,888.381329
Azerbaijan,2014,861.175356
Azerbaijan,2015,850.847603
Azerbaijan,2016,837.523511
Azerbaijan,2017,792.755096
Azerbaijan,2018,795.659192
Azerbaijan,2019,778.594785
Azerbaijan,2019,-0.021447
Azerbaijan,2019,0.008179
Kazakhstan,1985,484.767123
Kazakhstan,1986,502.793699
Kazakhstan,1987,523.063836
Kazakhstan,1988,545.089344
Kazakhstan,1989,556.387671
Kazakhstan,1990,570.744658
Kazakhstan,1991,588.682192
Kazakhstan,1992,568.882514
Kazakhstan,1993,507.356164
Kazakhstan,1994,445.853589
Kazakhstan,1995,450.438877
Kazakhstan,1996,493.123306
Kazakhstan,1997,556.873068
Kazakhstan,1998,558.491425
Kazakhstan,1999,655.626521
Kazakhstan,2000,740.207923
Kazakhstan,2001,841.490247
Kazakhstan,2002,992.578
Kazakhstan,2003,1080.637773
Kazakhstan,2004,1247.932411
Kazakhstan,2005,1294.554253
Kazakhstan,2006,1369.875246
Kazakhstan,2007,1415.023294
Kazakhstan,2008,1485.246792
Kazakhstan,2009,1609.481373
Kazakhstan,2010,1675.710346
Kazakhstan,2011,1684.145009
Kazakhstan,2012,1664.131034
Kazakhstan,2013,1736.702215
Kazakhstan,2014,1709.566795
Kazakhstan,2015,1694.757886
Kazakhstan,2016,1654.972076
Kazakhstan,2017,1838.056061
Kazakhstan,2018,1927.045785
Kazakhstan,2019,1930.969784
Kazakhstan,2019,0.002036
Kazakhstan,2019,0.020285
Russian Federation,1985,10862.591671
Russian Federation,1986,11246.881644
Russian Federation,1987,11416.333425
Russian Federation,1988,11372.755355
Russian Federation,1989,11070.06411
Russian Federation,1990,10342.443123
Russian Federation,1991,9263.696
Russian Federation,1992,7978.186339
Russian Federation,1993,7118.856274
Russian Federation,1994,6370.724712
Russian Federation,1995,6235.776932
Russian Federation,1996,6061.591967
Russian Federation,1997,6170.674849
Russian Federation,1998,6109.998247
Russian Federation,1999,6118.780055
Russian Federation,2000,6582.837881
Russian Federation,2001,7105.859497
Russian Federation,2002,7754.790856
Russian Federation,2003,8602.475188
Russian Federation,2004,9335.081579
Russian Federation,2005,9597.655158
Russian Federation,2006,9833.509729
Russian Federation,2007,10057.140787
Russian Federation,2008,9964.512396
Russian Federation,2009,10152.260439
Russian Federation,2010,10378.61994
Russian Federation,2011,10533.363503
Russian Federation,2012,10655.733492
Russian Federation,2013,10806.83989
Russian Federation,2014,10860.088093
Russian Federation,2015,11006.677422
Russian Federation,2016,11268.790249
Russian Federation,2017,11254.691436
Russian Federation,2018,11438.125688
Russian Federation,2019,11539.57273
Russian Federation,2019,0.008869
Russian Federation,2019,0.121224
Turkmenistan,1985,142.224658
Turkmenistan,1986,137.569863
Turkmenistan,1987,135.430137
Turkmenistan,1988,120.101093
Turkmenistan,1989,121.030137
Turkmenistan,1990,119.520548
Turkmenistan,1991,113.09589
Turkmenistan,1992,108.797814
Turkmenistan,1993,91.597808
Turkmenistan,1994,86.608767
Turkmenistan,1995,83.863014
Turkmenistan,1996,89.657104
Turkmenistan,1997,108.353699
Turkmenistan,1998,128.636986
Turkmenistan,1999,142.644384
Turkmenistan,2000,146.142077
Turkmenistan,2001,155.90137
Turkmenistan,2002,165.260274
Turkmenistan,2003,175.731507
Turkmenistan,2004,186.010929
Turkmenistan,2005,197.309589
Turkmenistan,2006,202.509589
Turkmenistan,2007,208.345205
Turkmenistan,2008,215.338798
Turkmenistan,2009,221.287671
Turkmenistan,2010,226.487671
Turkmenistan,2011,234.087671
Turkmenistan,2012,244.196721
Turkmenistan,2013,255.643836
Turkmenistan,2014,263.243836
Turkmenistan,2015,270.843836
Turkmenistan,2016,270.281421
Turkmenistan,2017,271.2
Turkmenistan,2018,261.043288
Turkmenistan,2019,264.001918
Turkmenistan,2019,0.011334
Turkmenistan,2019,0.002773
USSR,1965,4857.76
USSR,1966,5302.0
USSR,1967,5762.0
USSR,1968,6167.103825
USSR,1969,6566.0
USSR,1970,7126.746301
USSR,1971,7610.459178
USSR,1972,8064.128415
USSR,1973,8664.421918
USSR,1974,9270.405479
USSR,1975,9915.984384
USSR,1976,10465.595902
USSR,1977,11009.914247
USSR,1978,11530.754247
USSR,1979,11805.424658
USSR,1980,12116.414481
USSR,1981,12260.252877
USSR,1982,12329.785479
USSR,1983,12403.434247
USSR,1984,12296.677049
Uzbekistan,1985,54.608219
Uzbekistan,1986,60.621918
Uzbekistan,1987,64.271233
Uzbekistan,1988,60.355191
Uzbekistan,1989,66.484932
Uzbekistan,1990,68.994521
Uzbekistan,1991,68.739726
Uzbekistan,1992,79.371585
Uzbekistan,1993,93.575068
Uzbekistan,1994,124.285753
Uzbekistan,1995,172.293425
Uzbekistan,1996,173.540164
Uzbekistan,1997,181.507397
Uzbekistan,1998,191.453973
Uzbekistan,1999,190.876712
Uzbekistan,2000,158.770492
Uzbekistan,2001,152.78589
Uzbekistan,2002,152.992877
Uzbekistan,2003,150.582329
Uzbekistan,2004,138.412842
Uzbekistan,2005,114.788082
Uzbekistan,2006,113.872603
Uzbekistan,2007,103.81275
Uzbekistan,2008,101.830874
Uzbekistan,2009,95.210137
Uzbekistan,2010,77.715475
Uzbekistan,2011,76.578904
Uzbekistan,2012,67.728689
Uzbekistan,2013,63.289427
Uzbekistan,2014,61.307613
Uzbekistan,2015,59.45625
Uzbekistan,2016,57.738655
Uzbekistan,2017,60.900466
Uzbekistan,2018,64.014562
Uzbekistan,2019,61.974205
Uzbekistan,2019,-0.031873
Uzbekistan,2019,0.000651
Other CIS,1965,0.0
Other CIS,1966,0.0
Other CIS,1967,0.0
Other CIS,1968,0.0
Other CIS,1969,0.0
Other CIS,1970,0.0
Other CIS,1971,0.0
Other CIS,1972,0.0
Other CIS,1973,0.0
Other CIS,1974,0.0
Other CIS,1975,0.0
Other CIS,1976,0.0
Other CIS,1977,0.0
Other CIS,1978,0.0
Other CIS,1979,0.0
Other CIS,1980,0.0
Other CIS,1981,0.0
Other CIS,1982,0.0
Other CIS,1983,0.0
Other CIS,1984,0.0
Other CIS,1985,52.509589
Other CIS,1986,52.309589
Other CIS,1987,51.224658
Other CIS,1988,50.202186
Other CIS,1989,48.854795
Other CIS,1990,47.164932
Other CIS,1991,45.2
Other CIS,1992,43.899727
Other CIS,1993,43.268493
Other CIS,1994,42.392493
Other CIS,1995,41.038493
Other CIS,1996,39.337705
Other CIS,1997,38.712986
Other CIS,1998,38.561041
Other CIS,1999,38.743342
Other CIS,2000,38.62418
Other CIS,2001,38.872
Other CIS,2002,38.752
Other CIS,2003,38.144
Other CIS,2004,37.836339
Other CIS,2005,37.678
Other CIS,2006,37.492
Other CIS,2007,37.088
Other CIS,2008,36.635628
Other CIS,2009,36.47
Other CIS,2010,36.2
Other CIS,2011,35.992
Other CIS,2012,35.279344
Other CIS,2013,35.088
Other CIS,2014,35.03
Other CIS,2015,35.5346
Other CIS,2016,36.209468
Other CIS,2017,36.931559
Other CIS,2018,37.87878
Other CIS,2019,38.973866
Other CIS,2019,0.02891
Other CIS,2019,0.000409
Total CIS,1965,4857.76
Total CIS,1966,5302.0
Total CIS,1967,5762.0
Total CIS,1968,6167.103825
Total CIS,1969,6566.0
Total CIS,1970,7126.746301
Total CIS,1971,7610.459178
Total CIS,1972,8064.128415
Total CIS,1973,8664.421918
Total CIS,1974,9270.405479
Total CIS,1975,9915.984384
Total CIS,1976,10465.595902
Total CIS,1977,11009.914247
Total CIS,1978,11530.754247
Total CIS,1979,11805.424658
Total CIS,1980,12116.414481
Total CIS,1981,12260.252877
Total CIS,1982,12329.785479
Total CIS,1983,12403.434247
Total CIS,1984,12296.677049
Total CIS,1985,11870.219068
Total CIS,1986,12268.565753
Total CIS,1987,12475.99726
Total CIS,1988,12428.481311
Total CIS,1989,12131.032603
Total CIS,1990,11403.199288
Total CIS,1991,10319.134384
Total CIS,1992,9006.675164
Total CIS,1993,8062.05789
Total CIS,1994,7263.287068
Total CIS,1995,7168.47926
Total CIS,1996,7040.539645
Total CIS,1997,7238.428575
Total CIS,1998,7257.837288
Total CIS,1999,7425.389644
Total CIS,2000,7947.767526
Total CIS,2001,8595.064347
Total CIS,2002,9411.413595
Total CIS,2003,10355.504768
Total CIS,2004,11253.927787
Total CIS,2005,11686.903685
Total CIS,2006,12203.425852
Total CIS,2007,12696.942967
Total CIS,2008,12719.395609
Total CIS,2009,13141.380278
Total CIS,2010,13431.450309
Total CIS,2011,13496.242895
Total CIS,2012,13549.39051
Total CIS,2013,13785.944696
Total CIS,2014,13790.411693
Total CIS,2015,13918.117596
Total CIS,2016,14125.51538
Total CIS,2017,14254.534618
Total CIS,2018,14523.767294
Total CIS,2019,14614.087288
Total CIS,2019,0.006219
Total CIS,2019,0.153521
Iran,1965,1908.0
Iran,1966,2132.0
Iran,1967,2603.0
Iran,1968,2840.0
Iran,1969,3376.0
Iran,1970,3847.659726
Iran,1971,4572.421918
Iran,1972,5058.957377
Iran,1973,5907.37589
Iran,1974,6060.30137
Iran,1975,5386.619178
Iran,1976,5918.191257
Iran,1977,5713.958904
Iran,1978,5302.054795
Iran,1979,3217.589041
Iran,1980,1478.961749
Iran,1981,1321.031233
Iran,1982,2396.924384
Iran,1983,2453.584658
Iran,1984,2042.535519
Iran,1985,2205.205479
Iran,1986,2054.238356
Iran,1987,2342.438356
Iran,1988,2349.480874
Iran,1989,2894.341918
Iran,1990,3270.178082
Iran,1991,3499.561644
Iran,1992,3523.016393
Iran,1993,3712.164384
Iran,1994,3730.027397
Iran,1995,3743.774247
Iran,1996,3758.579235
Iran,1997,3776.463014
Iran,1998,3854.747945
Iran,1999,3603.356164
Iran,2000,3850.403294
Iran,2001,3824.45
Iran,2002,3616.920548
Iran,2003,4083.606576
Iran,2004,4215.802733
Iran,2005,4217.465479
Iran,2006,4291.008082
Iran,2007,4355.962603
Iran,2008,4414.978142
Iran,2009,4284.864603
Iran,2010,4420.620479
Iran,2011,4452.40411
Iran,2012,3809.756148
Iran,2013,3609.229863
Iran,2014,3714.137123
Iran,2015,3852.759885
Iran,2016,4578.22101
Iran,2017,5007.335342
Iran,2018,4800.698082
Iran,2019,3534.571781
Iran,2019,-0.263738
Iran,2019,0.037131
Iraq,1965,1313.0
Iraq,1966,1392.0
Iraq,1967,1228.0
Iraq,1968,1503.0
Iraq,1969,1521.0
Iraq,1970,1549.0
Iraq,1971,1694.0
Iraq,1972,1466.0
Iraq,1973,2018.0
Iraq,1974,1977.038356
Iraq,1975,2270.558904
Iraq,1976,2422.26776
Iraq,1977,2358.120548
Iraq,1978,2573.550685
Iraq,1979,3488.550685
Iraq,1980,2657.519126
Iraq,1981,906.906849
Iraq,1982,988.180822
Iraq,1983,1105.728767
Iraq,1984,1227.983607
Iraq,1985,1425.292055
Iraq,1986,1899.41863
Iraq,1987,2391.27726
Iraq,1988,2782.15082
Iraq,1989,2838.259726
Iraq,1990,2148.947945
Iraq,1991,285.356164
Iraq,1992,531.261202
Iraq,1993,455.275616
Iraq,1994,505.275616
Iraq,1995,530.275616
Iraq,1996,580.261202
Iraq,1997,1165.826849
Iraq,1998,2120.826849
Iraq,1999,2609.826849
Iraq,2000,2613.0
Iraq,2001,2522.0
Iraq,2002,2116.0
Iraq,2003,1344.0
Iraq,2004,2030.0
Iraq,2005,1833.0
Iraq,2006,1999.0
Iraq,2007,2143.2118
Iraq,2008,2428.0
Iraq,2009,2445.628667
Iraq,2010,2468.874333
Iraq,2011,2773.276667
Iraq,2012,3078.5
Iraq,2013,3102.5
Iraq,2014,3238.621005
Iraq,2015,3985.940667
Iraq,2016,4422.8866
Iraq,2017,4537.896159
Iraq,2018,4631.867513
Iraq,2019,4779.476074
Iraq,2019,0.031868
Iraq,2019,0.050209
Kuwait,1965,2371.0
Kuwait,1966,2505.0
Kuwait,1967,2522.0
Kuwait,1968,2656.0
Kuwait,1969,2819.0
Kuwait,1970,3036.0
Kuwait,1971,3253.0
Kuwait,1972,3339.0
Kuwait,1973,3080.0
Kuwait,1974,2603.0
Kuwait,1975,2132.0
Kuwait,1976,2199.0
Kuwait,1977,2024.0
Kuwait,1978,2182.0
Kuwait,1979,2623.0
Kuwait,1980,1757.0
Kuwait,1981,1187.0
Kuwait,1982,862.0
Kuwait,1983,1117.0
Kuwait,1984,1229.0
Kuwait,1985,1127.0
Kuwait,1986,1210.0
Kuwait,1987,1072.0
Kuwait,1988,1286.0
Kuwait,1989,1408.0
Kuwait,1990,964.0
Kuwait,1991,185.0
Kuwait,1992,1077.0
Kuwait,1993,1945.0
Kuwait,1994,2085.0
Kuwait,1995,2130.0
Kuwait,1996,2129.0
Kuwait,1997,2137.0
Kuwait,1998,2232.0
Kuwait,1999,2085.0
Kuwait,2000,2244.422568
Kuwait,2001,2183.543699
Kuwait,2002,2026.551096
Kuwait,2003,2371.263863
Kuwait,2004,2520.219836
Kuwait,2005,2669.24463
Kuwait,2006,2739.520767
Kuwait,2007,2667.001566
Kuwait,2008,2791.131776
Kuwait,2009,2502.367014
Kuwait,2010,2564.212055
Kuwait,2011,2917.645205
Kuwait,2012,3172.78694
Kuwait,2013,3133.563425
Kuwait,2014,3105.854658
Kuwait,2015,3069.362556
Kuwait,2016,3149.827743
Kuwait,2017,3009.267781
Kuwait,2018,3049.523959
Kuwait,2019,2995.620101
Kuwait,2019,-0.017676
Kuwait,2019,0.031469
Oman,1967,57.0
Oman,1968,241.0
Oman,1969,327.0
Oman,1970,332.0
Oman,1971,294.0
Oman,1972,282.0
Oman,1973,293.0
Oman,1974,290.0
Oman,1975,341.0
Oman,1976,367.0
Oman,1977,340.0
Oman,1978,314.0
Oman,1979,295.0
Oman,1980,285.0
Oman,1981,330.0
Oman,1982,338.0
Oman,1983,391.0
Oman,1984,419.0
Oman,1985,502.0
Oman,1986,564.0
Oman,1987,588.0
Oman,1988,625.0
Oman,1989,651.0
Oman,1990,695.0
Oman,1991,716.0
Oman,1992,748.0
Oman,1993,785.0
Oman,1994,819.0
Oman,1995,868.0
Oman,1996,897.0
Oman,1997,909.0
Oman,1998,905.0
Oman,1999,904.688767
Oman,2000,954.796995
Oman,2001,955.777534
Oman,2002,897.377534
Oman,2003,819.509041
Oman,2004,779.739617
Oman,2005,774.289041
Oman,2006,737.650137
Oman,2007,710.393151
Oman,2008,756.75
Oman,2009,812.520274
Oman,2010,864.588219
Oman,2011,884.920274
Oman,2012,918.471858
Oman,2013,941.949315
Oman,2014,943.478904
Oman,2015,981.089863
Oman,2016,1004.262568
Oman,2017,970.569589
Oman,2018,978.387397
Oman,2019,970.93863
Oman,2019,-0.007613
Oman,2019,0.0102
Qatar,1965,233.0
Qatar,1966,291.0
Qatar,1967,324.0
Qatar,1968,340.0
Qatar,1969,356.0
Qatar,1970,363.0
Qatar,1971,430.0
Qatar,1972,482.0
Qatar,1973,570.0
Qatar,1974,518.0
Qatar,1975,437.0
Qatar,1976,487.0
Qatar,1977,435.0
Qatar,1978,484.0
Qatar,1979,506.0
Qatar,1980,475.534426
Qatar,1981,421.109589
Qatar,1982,344.524932
Qatar,1983,315.598904
Qatar,1984,353.016393
Qatar,1985,315.242192
Qatar,1986,355.097534
Qatar,1987,314.856438
Qatar,1988,360.421858
Qatar,1989,403.446575
Qatar,1990,433.813699
Qatar,1991,419.589589
Qatar,1992,495.31694
Qatar,1993,460.250959
Qatar,1994,451.380274
Qatar,1995,460.888767
Qatar,1996,567.998907
Qatar,1997,692.08
Qatar,1998,701.43
Qatar,1999,723.27
Qatar,2000,851.269084
Qatar,2001,855.790974
Qatar,2002,801.655464
Qatar,2003,947.388586
Qatar,2004,1078.561561
Qatar,2005,1147.946514
Qatar,2006,1237.817381
Qatar,2007,1262.736845
Qatar,2008,1432.358333
Qatar,2009,1415.407005
Qatar,2010,1630.238145
Qatar,2011,1824.34883
Qatar,2012,1927.899452
Qatar,2013,1990.712872
Qatar,2014,1974.597345
Qatar,2015,1932.508614
Qatar,2016,1938.054719
Qatar,2017,1881.669386
Qatar,2018,1900.113936
Qatar,2019,1882.946435
Qatar,2019,-0.009035
Qatar,2019,0.01978
Saudi Arabia,1965,2219.3
Saudi Arabia,1966,2617.8
Saudi Arabia,1967,2825.0
Saudi Arabia,1968,3080.9
Saudi Arabia,1969,3262.2
Saudi Arabia,1970,3851.1
Saudi Arabia,1971,4820.9
Saudi Arabia,1972,6070.3
Saudi Arabia,1973,7693.2
Saudi Arabia,1974,8617.7
Saudi Arabia,1975,7216.4
Saudi Arabia,1976,8762.174
Saudi Arabia,1977,9418.905
Saudi Arabia,1978,8554.082
Saudi Arabia,1979,9841.627
Saudi Arabia,1980,10269.5
Saudi Arabia,1981,10256.0
Saudi Arabia,1982,6961.0
Saudi Arabia,1983,4951.41
Saudi Arabia,1984,4534.081
Saudi Arabia,1985,3600.955
Saudi Arabia,1986,5208.2
Saudi Arabia,1987,4450.15
Saudi Arabia,1988,5656.147
Saudi Arabia,1989,5635.5
Saudi Arabia,1990,7105.5
Saudi Arabia,1991,8819.8
Saudi Arabia,1992,9091.7
Saudi Arabia,1993,8892.7
Saudi Arabia,1994,8983.0
Saudi Arabia,1995,8973.53752
Saudi Arabia,1996,9086.503024
Saudi Arabia,1997,9005.316119
Saudi Arabia,1998,9266.786653
Saudi Arabia,1999,8523.810352
Saudi Arabia,2000,9121.165332
Saudi Arabia,2001,8935.030316
Saudi Arabia,2002,8206.500316
Saudi Arabia,2003,9628.159976
Saudi Arabia,2004,10305.911224
Saudi Arabia,2005,10838.581395
Saudi Arabia,2006,10670.781699
Saudi Arabia,2007,10268.75306
Saudi Arabia,2008,10664.794412
Saudi Arabia,2009,9708.903107
Saudi Arabia,2010,9864.826757
Saudi Arabia,2011,11079.228786
Saudi Arabia,2012,11621.794283
Saudi Arabia,2013,11392.926635
Saudi Arabia,2014,11518.822724
Saudi Arabia,2015,11997.937984
Saudi Arabia,2016,12406.047608
Saudi Arabia,2017,11892.198262
Saudi Arabia,2018,12261.333342
Saudi Arabia,2019,11832.319243
Saudi Arabia,2019,-0.034989
Saudi Arabia,2019,0.124299
Syria,1968,21.0
Syria,1969,53.0
Syria,1970,85.0
Syria,1971,106.0
Syria,1972,117.0
Syria,1973,111.0
Syria,1974,129.0
Syria,1975,192.0
Syria,1976,201.0
Syria,1977,183.0
Syria,1978,179.0
Syria,1979,167.0
Syria,1980,158.0
Syria,1981,164.0
Syria,1982,155.0
Syria,1983,161.0
Syria,1984,162.0
Syria,1985,159.441096
Syria,1986,200.6
Syria,1987,230.882192
Syria,1988,268.196721
Syria,1989,340.641096
Syria,1990,406.729315
Syria,1991,471.983562
Syria,1992,514.377049
Syria,1993,566.081644
Syria,1994,563.268493
Syria,1995,596.281644
Syria,1996,586.231694
Syria,1997,577.242192
Syria,1998,576.238356
Syria,1999,578.829589
Syria,2000,573.0
Syria,2001,613.0
Syria,2002,677.0
Syria,2003,652.0
Syria,2004,487.0
Syria,2005,448.0
Syria,2006,421.0
Syria,2007,404.0
Syria,2008,406.0
Syria,2009,401.0
Syria,2010,385.0
Syria,2011,352.8247
Syria,2012,171.0
Syria,2013,59.1644
Syria,2014,33.0
Syria,2015,27.0
Syria,2016,25.0
Syria,2017,24.609699
Syria,2018,24.051901
Syria,2019,23.5226
Syria,2019,-0.022007
Syria,2019,0.000247
United Arab Emirates,1965,282.2
United Arab Emirates,1966,360.0
United Arab Emirates,1967,382.1
United Arab Emirates,1968,496.6
United Arab Emirates,1969,627.8
United Arab Emirates,1970,779.6
United Arab Emirates,1971,1059.5
United Arab Emirates,1972,1202.7
United Arab Emirates,1973,1532.6
United Arab Emirates,1974,1678.6
United Arab Emirates,1975,1663.8
United Arab Emirates,1976,1936.402
United Arab Emirates,1977,1998.71
United Arab Emirates,1978,1830.501
United Arab Emirates,1979,1830.69
United Arab Emirates,1980,1734.891
United Arab Emirates,1981,1540.3
United Arab Emirates,1982,1361.8
United Arab Emirates,1983,1293.022
United Arab Emirates,1984,1246.021
United Arab Emirates,1985,1211.146
United Arab Emirates,1986,1412.55
United Arab Emirates,1987,1471.287
United Arab Emirates,1988,1544.474
United Arab Emirates,1989,1819.001
United Arab Emirates,1990,1984.628
United Arab Emirates,1991,2274.408
United Arab Emirates,1992,2494.67
United Arab Emirates,1993,2438.286
United Arab Emirates,1994,2462.533
United Arab Emirates,1995,2444.0
United Arab Emirates,1996,2501.3
United Arab Emirates,1997,2521.7
United Arab Emirates,1998,2610.1
United Arab Emirates,1999,2413.8
United Arab Emirates,2000,2598.898
United Arab Emirates,2001,2540.722
United Arab Emirates,2002,2366.26
United Arab Emirates,2003,2722.489
United Arab Emirates,2004,2821.58
United Arab Emirates,2005,2945.463
United Arab Emirates,2006,3134.512
United Arab Emirates,2007,3094.295
United Arab Emirates,2008,3113.094
United Arab Emirates,2009,2794.812236
United Arab Emirates,2010,2936.823808
United Arab Emirates,2011,3300.134045
United Arab Emirates,2012,3424.7262
United Arab Emirates,2013,3566.135469
United Arab Emirates,2014,3602.90046
United Arab Emirates,2015,3897.972489
United Arab Emirates,2016,4037.54115
United Arab Emirates,2017,3909.546932
United Arab Emirates,2018,3912.358361
United Arab Emirates,2019,3997.689134
United Arab Emirates,2019,0.021811
United Arab Emirates,2019,0.041996
Yemen,1986,10.0
Yemen,1987,26.0
Yemen,1988,170.0
Yemen,1989,178.0
Yemen,1990,182.0
Yemen,1991,197.0
Yemen,1992,183.95847
Yemen,1993,209.373151
Yemen,1994,345.580822
Yemen,1995,351.470685
Yemen,1996,356.663388
Yemen,1997,374.966575
Yemen,1998,380.091507
Yemen,1999,405.125479
Yemen,2000,436.502
Yemen,2001,452.872066
Yemen,2002,456.848181
Yemen,2003,450.545529
Yemen,2004,423.692739
Yemen,2005,420.761081
Yemen,2006,386.586123
Yemen,2007,340.796405
Yemen,2008,315.753373
Yemen,2009,308.060567
Yemen,2010,306.459284
Yemen,2011,220.4243
Yemen,2012,177.844692
Yemen,2013,197.230133
Yemen,2014,152.901849
Yemen,2015,63.312566
Yemen,2016,42.576511
Yemen,2017,71.013699
Yemen,2018,82.669865
Yemen,2019,97.649315
Yemen,2019,0.181196
Yemen,2019,0.001026
Other Middle East,1965,60.996164
Other Middle East,1966,65.761096
Other Middle East,1967,72.977534
Other Middle East,1968,77.969399
Other Middle East,1969,77.958904
Other Middle East,1970,78.53774
Other Middle East,1971,76.200808
Other Middle East,1972,70.929891
Other Middle East,1973,68.746342
Other Middle East,1974,67.762014
Other Middle East,1975,61.683658
Other Middle East,1976,58.722814
Other Middle East,1977,58.51911
Other Middle East,1978,55.476014
Other Middle East,1979,51.397658
Other Middle East,1980,55.382896
Other Middle East,1981,54.293836
Other Middle East,1982,52.211562
Other Middle East,1983,50.227233
Other Middle East,1984,50.169959
Other Middle East,1985,50.213411
Other Middle East,1986,50.537877
Other Middle East,1987,51.692301
Other Middle East,1988,52.66138
Other Middle East,1989,52.532219
Other Middle East,1990,51.567205
Other Middle East,1991,53.354178
Other Middle East,1992,54.245984
Other Middle East,1993,53.189904
Other Middle East,1994,52.117425
Other Middle East,1995,52.178151
Other Middle East,1996,50.124918
Other Middle East,1997,50.129178
Other Middle East,1998,49.138973
Other Middle East,1999,48.121342
Other Middle East,2000,48.121011
Other Middle East,2001,47.117425
Other Middle East,2002,48.129178
Other Middle East,2003,48.097836
Other Middle East,2004,48.453937
Other Middle East,2005,185.053814
Other Middle East,2006,182.216301
Other Middle East,2007,193.933373
Other Middle East,2008,192.603874
Other Middle East,2009,192.147315
Other Middle East,2010,192.268499
Other Middle East,2011,201.469014
Other Middle East,2012,183.840738
Other Middle East,2013,208.709616
Other Middle East,2014,214.204482
Other Middle East,2015,212.987426
Other Middle East,2016,214.394458
Other Middle East,2017,208.24297
Other Middle East,2018,206.893658
Other Middle East,2019,214.495409
Other Middle East,2019,0.036742
Other Middle East,2019,0.002253
Total Middle East,1965,8387.496164
Total Middle East,1966,9363.561096
Total Middle East,1967,10014.077534
Total Middle East,1968,11256.469399
Total Middle East,1969,12419.958904
Total Middle East,1970,13921.897466
Total Middle East,1971,16306.022726
Total Middle East,1972,18088.887268
Total Middle East,1973,21273.922233
Total Middle East,1974,21941.40174
Total Middle East,1975,19701.06174
Total Middle East,1976,22351.757831
Total Middle East,1977,22530.213562
Total Middle East,1978,21474.664493
Total Middle East,1979,22020.854384
Total Middle East,1980,18871.789197
Total Middle East,1981,16180.641507
Total Middle East,1982,13459.641699
Total Middle East,1983,11838.571562
Total Middle East,1984,11263.807478
Total Middle East,1985,10596.495233
Total Middle East,1986,12964.642397
Total Middle East,1987,12938.583548
Total Middle East,1988,15094.532653
Total Middle East,1989,16220.722534
Total Middle East,1990,17242.364247
Total Middle East,1991,16922.053137
Total Middle East,1992,18713.546038
Total Middle East,1993,19517.321658
Total Middle East,1994,19997.183027
Total Middle East,1995,20150.406629
Total Middle East,1996,20513.662369
Total Middle East,1997,21209.723927
Total Middle East,1998,22696.360283
Total Middle East,1999,21895.828544
Total Middle East,2000,23291.578285
Total Middle East,2001,22930.304012
Total Middle East,2002,21213.242316
Total Middle East,2003,23067.060407
Total Middle East,2004,24710.961648
Total Middle East,2005,25479.804955
Total Middle East,2006,25800.092491
Total Middle East,2007,25441.083803
Total Middle East,2008,26515.46391
Total Middle East,2009,24865.710788
Total Middle East,2010,25633.911579
Total Middle East,2011,28006.675931
Total Middle East,2012,28486.62031
Total Middle East,2013,28202.121728
Total Middle East,2014,28498.51855
Total Middle East,2015,30020.872051
Total Middle East,2016,31818.812367
Total Middle East,2017,31512.349818
Total Middle East,2018,31847.898014
Total Middle East,2019,30329.228722
Total Middle East,2019,-0.047685
Total Middle East,2019,0.31861
Algeria,1965,569.943836
Algeria,1966,733.593151
Algeria,1967,842.664384
Algeria,1968,922.495082
Algeria,1969,969.331507
Algeria,1970,1053.926849
Algeria,1971,802.587397
Algeria,1972,1081.04918
Algeria,1973,1128.74
Algeria,1974,1045.983014
Algeria,1975,1025.497534
Algeria,1976,1144.405661
Algeria,1977,1224.790849
Algeria,1978,1252.729671
Algeria,1979,1282.877301
Algeria,1980,1134.182393
Algeria,1981,1029.279452
Algeria,1982,1039.656164
Algeria,1983,1026.933973
Algeria,1984,1122.489071
Algeria,1985,1087.029055
Algeria,1986,1126.000808
Algeria,1987,1178.140068
Algeria,1988,1232.921475
Algeria,1989,1276.397534
Algeria,1990,1366.596521
Algeria,1991,1372.665753
Algeria,1992,1320.565574
Algeria,1993,1321.579452
Algeria,1994,1317.13726
Algeria,1995,1309.536712
Algeria,1996,1378.674863
Algeria,1997,1447.519178
Algeria,1998,1452.006849
Algeria,1999,1397.939849
Algeria,2000,1549.131284
Algeria,2001,1534.247726
Algeria,2002,1653.014685
Algeria,2003,1826.281425
Algeria,2004,1920.662459
Algeria,2005,1989.931742
Algeria,2006,1979.499452
Algeria,2007,1992.273151
Algeria,2008,1950.980446
Algeria,2009,1774.856795
Algeria,2010,1689.154
Algeria,2011,1641.503205
Algeria,2012,1536.809071
Algeria,2013,1485.233041
Algeria,2014,1589.092603
Algeria,2015,1557.665233
Algeria,2016,1576.997268
Algeria,2017,1540.325644
Algeria,2018,1510.514712
Algeria,2019,1486.366548
Algeria,2019,-0.015987
Algeria,2019,0.015614
Angola,1965,13.297397
Angola,1966,12.810164
Angola,1967,10.901836
Angola,1968,15.184426
Angola,1969,49.900767
Angola,1970,102.826438
Angola,1971,116.144137
Angola,1972,142.875328
Angola,1973,165.963699
Angola,1974,173.394
Angola,1975,158.167973
Angola,1976,153.14
Angola,1977,143.368274
Angola,1978,131.329562
Angola,1979,146.169863
Angola,1980,150.386557
Angola,1981,145.317205
Angola,1982,130.131781
Angola,1983,178.449041
Angola,1984,203.957213
Angola,1985,232.491288
Angola,1986,282.716877
Angola,1987,355.395781
Angola,1988,451.888525
Angola,1989,459.663616
Angola,1990,474.646027
Angola,1991,497.667781
Angola,1992,549.736967
Angola,1993,503.676986
Angola,1994,556.744767
Angola,1995,632.854603
Angola,1996,715.976066
Angola,1997,741.0
Angola,1998,730.849315
Angola,1999,745.060274
Angola,2000,746.061475
Angola,2001,742.015068
Angola,2002,905.441096
Angola,2003,869.563068
Angola,2004,1106.441208
Angola,2005,1269.022575
Angola,2006,1401.440285
Angola,2007,1655.990605
Angola,2008,1876.322885
Angola,2009,1753.832877
Angola,2010,1812.318233
Angola,2011,1670.399937
Angola,2012,1734.063651
Angola,2013,1737.851674
Angola,2014,1701.373826
Angola,2015,1795.646188
Angola,2016,1744.837415
Angola,2017,1671.357706
Angola,2018,1519.226037
Angola,2019,1417.286133
Angola,2019,-0.0671
Angola,2019,0.014889
Chad,1999,0.0
Chad,2003,23.561644
Chad,2004,167.759563
Chad,2005,173.424658
Chad,2006,153.150685
Chad,2007,143.561644
Chad,2008,127.04918
Chad,2009,117.808219
Chad,2010,121.917808
Chad,2011,113.69863
Chad,2012,100.819672
Chad,2013,90.635397
Chad,2014,88.804479
Chad,2015,110.613881
Chad,2016,116.517137
Chad,2017,98.411638
Chad,2018,115.50546
Chad,2019,126.877811
Chad,2019,0.098457
Chad,2019,0.001333
Republic of Congo,1965,1.377205
Republic of Congo,1966,1.20263
Republic of Congo,1967,0.969863
Republic of Congo,1968,0.831803
Republic of Congo,1969,0.465534
Republic of Congo,1970,0.368548
Republic of Congo,1971,0.271562
Republic of Congo,1972,6.499672
Republic of Congo,1973,40.559671
Republic of Congo,1974,47.620274
Republic of Congo,1975,34.701699
Republic of Congo,1976,40.622951
Republic of Congo,1977,31.79211
Republic of Congo,1978,47.135342
Republic of Congo,1979,53.575233
Republic of Congo,1980,61.282623
Republic of Congo,1981,79.548164
Republic of Congo,1982,88.315726
Republic of Congo,1983,104.066301
Republic of Congo,1984,116.54918
Republic of Congo,1985,115.161534
Republic of Congo,1986,115.433096
Republic of Congo,1987,122.532493
Republic of Congo,1988,136.144918
Republic of Congo,1989,154.440986
Republic of Congo,1990,155.740603
Republic of Congo,1991,156.225534
Republic of Congo,1992,167.095738
Republic of Congo,1993,185.011068
Republic of Congo,1994,185.476603
Republic of Congo,1995,179.754411
Republic of Congo,1996,200.387213
Republic of Congo,1997,224.736658
Republic of Congo,1998,263.783342
Republic of Congo,1999,266.266
Republic of Congo,2000,265.0
Republic of Congo,2001,248.0
Republic of Congo,2002,238.0
Republic of Congo,2003,217.0
Republic of Congo,2004,225.0
Republic of Congo,2005,246.7761
Republic of Congo,2006,278.434
Republic of Congo,2007,223.9285
Republic of Congo,2008,236.736
Republic of Congo,2009,276.0879
Republic of Congo,2010,313.8935
Republic of Congo,2011,300.5626
Republic of Congo,2012,279.9701
Republic of Congo,2013,242.5491
Republic of Congo,2014,253.1764
Republic of Congo,2015,234.2085
Republic of Congo,2016,232.008
Republic of Congo,2017,269.73
Republic of Congo,2018,330.466
Republic of Congo,2019,339.0
Republic of Congo,2019,0.025824
Republic of Congo,2019,0.003561
Egypt,1965,126.010411
Egypt,1966,121.711507
Egypt,1967,108.561918
Egypt,1968,166.384426
Egypt,1969,239.163014
Egypt,1970,319.091507
Egypt,1971,290.847123
Egypt,1972,207.956284
Egypt,1973,164.933973
Egypt,1974,144.976164
Egypt,1975,228.250411
Egypt,1976,322.215847
Egypt,1977,406.547945
Egypt,1978,490.741644
Egypt,1979,509.32
Egypt,1980,580.120219
Egypt,1981,628.003836
Egypt,1982,650.785205
Egypt,1983,711.805753
Egypt,1984,815.943989
Egypt,1985,882.029041
Egypt,1986,806.471781
Egypt,1987,907.483562
Egypt,1988,868.768579
Egypt,1989,878.022192
Egypt,1990,897.133699
Egypt,1991,895.720822
Egypt,1992,905.971038
Egypt,1993,940.686027
Egypt,1994,921.426849
Egypt,1995,923.510685
Egypt,1996,893.825683
Egypt,1997,872.503836
Egypt,1998,856.730959
Egypt,1999,827.452329
Egypt,2000,778.739016
Egypt,2001,758.443904
Egypt,2002,751.421178
Egypt,2003,749.521096
Egypt,2004,701.057333
Egypt,2005,671.840548
Egypt,2006,678.67441
Egypt,2007,698.437487
Egypt,2008,715.302968
Egypt,2009,729.989287
Egypt,2010,724.661078
Egypt,2011,714.341811
Egypt,2012,715.295818
Egypt,2013,709.814933
Egypt,2014,714.445532
Egypt,2015,726.245479
Egypt,2016,691.387295
Egypt,2017,660.201507
Egypt,2018,699.213097
Egypt,2019,685.893041
Egypt,2019,-0.01905
Egypt,2019,0.007205
Equatorial Guinea,1992,2.0
Equatorial Guinea,1993,5.0
Equatorial Guinea,1994,5.0
Equatorial Guinea,1995,7.0
Equatorial Guinea,1996,17.0
Equatorial Guinea,1997,60.0
Equatorial Guinea,1998,83.0
Equatorial Guinea,1999,100.0
Equatorial Guinea,2000,118.0
Equatorial Guinea,2001,194.0
Equatorial Guinea,2002,230.0
Equatorial Guinea,2003,266.0
Equatorial Guinea,2004,351.0
Equatorial Guinea,2005,380.1807
Equatorial Guinea,2006,364.296173
Equatorial Guinea,2007,373.597715
Equatorial Guinea,2008,369.114626
Equatorial Guinea,2009,332.054786
Equatorial Guinea,2010,306.109595
Equatorial Guinea,2011,300.643096
Equatorial Guinea,2012,319.726623
Equatorial Guinea,2013,282.136523
Equatorial Guinea,2014,284.398485
Equatorial Guinea,2015,259.732362
Equatorial Guinea,2016,223.077161
Equatorial Guinea,2017,195.279359
Equatorial Guinea,2018,190.340111
Equatorial Guinea,2019,180.192186
Equatorial Guinea,2019,-0.053315
Equatorial Guinea,2019,0.001893
Gabon,1965,25.334658
Gabon,1966,28.979644
Gabon,1967,68.994384
Gabon,1968,92.693197
Gabon,1969,100.677726
Gabon,1970,108.608575
Gabon,1971,116.058767
Gabon,1972,125.887787
Gabon,1973,152.148137
Gabon,1974,204.319507
Gabon,1975,226.61
Gabon,1976,226.170601
Gabon,1977,225.648685
Gabon,1978,212.290411
Gabon,1979,196.228438
Gabon,1980,177.656967
Gabon,1981,153.249644
Gabon,1982,156.053479
Gabon,1983,157.595589
Gabon,1984,174.361475
Gabon,1985,172.756329
Gabon,1986,166.12726
Gabon,1987,154.791753
Gabon,1988,177.597049
Gabon,1989,204.820192
Gabon,1990,270.229671
Gabon,1991,294.562959
Gabon,1992,288.645137
Gabon,1993,304.877068
Gabon,1994,337.201288
Gabon,1995,355.606466
Gabon,1996,364.501366
Gabon,1997,364.378466
Gabon,1998,337.421589
Gabon,1999,339.965068
Gabon,2000,276.0
Gabon,2001,262.0
Gabon,2002,256.0
Gabon,2003,274.0
Gabon,2004,273.0
Gabon,2005,270.3301
Gabon,2006,241.9401
Gabon,2007,245.5558
Gabon,2008,239.5736
Gabon,2009,241.0003
Gabon,2010,233.195
Gabon,2011,236.282
Gabon,2012,221.148
Gabon,2013,213.405
Gabon,2014,210.905
Gabon,2015,213.54
Gabon,2016,220.657
Gabon,2017,210.066
Gabon,2018,193.447
Gabon,2019,218.0
Gabon,2019,0.126924
Gabon,2019,0.00229
Libya,1965,1220.0
Libya,1966,1508.0
Libya,1967,1733.0
Libya,1968,2599.0
Libya,1969,3108.0
Libya,1970,3357.0
Libya,1971,2750.0
Libya,1972,2248.0
Libya,1973,2211.0
Libya,1974,1558.0
Libya,1975,1514.0
Libya,1976,1972.0
Libya,1977,2108.0
Libya,1978,2023.0
Libya,1979,2139.0
Libya,1980,1862.0
Libya,1981,1253.0
Libya,1982,1176.0
Libya,1983,1151.0
Libya,1984,1022.0
Libya,1985,1025.0
Libya,1986,1064.0
Libya,1987,1003.0
Libya,1988,1051.0
Libya,1989,1164.0
Libya,1990,1424.0
Libya,1991,1439.0
Libya,1992,1473.0
Libya,1993,1402.0
Libya,1994,1431.0
Libya,1995,1439.0
Libya,1996,1452.0
Libya,1997,1491.0
Libya,1998,1480.0
Libya,1999,1425.0
Libya,2000,1474.5902
Libya,2001,1427.7246
Libya,2002,1374.88047
Libya,2003,1485.0
Libya,2004,1622.255101
Libya,2005,1744.687
Libya,2006,1872.14589
Libya,2007,1908.232877
Libya,2008,1875.469945
Libya,2009,1738.775371
Libya,2010,1798.959333
Libya,2011,516.033568
Libya,2012,1538.5328
Libya,2013,1047.835658
Libya,2014,517.726
Libya,2015,436.643836
Libya,2016,411.775956
Libya,2017,928.94521
Libya,2018,1165.205433
Libya,2019,1227.468532
Libya,2019,0.053435
Libya,2019,0.012895
Nigeria,1965,274.2
Nigeria,1966,417.6
Nigeria,1967,319.1
Nigeria,1968,141.3
Nigeria,1969,540.3
Nigeria,1970,1083.1
Nigeria,1971,1531.2
Nigeria,1972,1815.7
Nigeria,1973,2054.3
Nigeria,1974,2255.0
Nigeria,1975,1783.2
Nigeria,1976,2066.786
Nigeria,1977,2085.099
Nigeria,1978,1896.992
Nigeria,1979,2301.995
Nigeria,1980,2058.0
Nigeria,1981,1439.6
Nigeria,1982,1287.0
Nigeria,1983,1235.5
Nigeria,1984,1388.0
Nigeria,1985,1498.9
Nigeria,1986,1466.6
Nigeria,1987,1353.0
Nigeria,1988,1391.349
Nigeria,1989,1776.3
Nigeria,1990,1786.701
Nigeria,1991,1963.1
Nigeria,1992,2032.0
Nigeria,1993,2018.2
Nigeria,1994,1933.877
Nigeria,1995,1948.594
Nigeria,1996,1971.067
Nigeria,1997,1977.741
Nigeria,1998,2023.046
Nigeria,1999,1894.5
Nigeria,2000,2174.354451
Nigeria,2001,2157.497304
Nigeria,2002,1951.110822
Nigeria,2003,2298.784862
Nigeria,2004,2486.552464
Nigeria,2005,2481.986432
Nigeria,2006,2371.120578
Nigeria,2007,2206.312116
Nigeria,2008,2172.407464
Nigeria,2009,2210.97189
Nigeria,2010,2533.094263
Nigeria,2011,2461.275704
Nigeria,2012,2411.571183
Nigeria,2013,2278.703841
Nigeria,2014,2276.008737
Nigeria,2015,2201.408745
Nigeria,2016,1899.912038
Nigeria,2017,1969.414392
Nigeria,2018,2006.554219
Nigeria,2019,2109.067949
Nigeria,2019,0.051089
Nigeria,2019,0.022156
South Sudan,1999,0.0
South Sudan,2012,31.041
South Sudan,2013,99.7288
South Sudan,2014,155.3516
South Sudan,2015,147.737701
South Sudan,2016,117.128899
South Sudan,2017,122.2005
South Sudan,2018,127.6521
South Sudan,2019,138.709595
South Sudan,2019,0.086622
South Sudan,2019,0.001457
Sudan,1993,2.0
Sudan,1994,2.0
Sudan,1995,2.0
Sudan,1996,5.0
Sudan,1997,9.0
Sudan,1998,12.0
Sudan,1999,63.0
Sudan,2000,179.131904
Sudan,2001,209.008121
Sudan,2002,236.18449
Sudan,2003,262.130315
Sudan,2004,291.137267
Sudan,2005,293.680414
Sudan,2006,356.160851
Sudan,2007,483.11566
Sudan,2008,456.951459
Sudan,2009,475.212463
Sudan,2010,462.070896
Sudan,2011,291.002271
Sudan,2012,103.1075
Sudan,2013,117.8534
Sudan,2014,119.6045
Sudan,2015,109.062156
Sudan,2016,103.613582
Sudan,2017,94.61555
Sudan,2018,100.040927
Sudan,2019,102.217793
Sudan,2019,0.02176
Sudan,2019,0.001074
Tunisia,1966,16.243808
Tunisia,1967,47.214493
Tunisia,1968,67.045874
Tunisia,1969,78.100904
Tunisia,1970,87.455315
Tunisia,1971,86.570438
Tunisia,1972,83.560464
Tunisia,1973,81.703616
Tunisia,1974,87.202493
Tunisia,1975,97.104685
Tunisia,1976,77.950546
Tunisia,1977,90.678795
Tunisia,1978,104.16263
Tunisia,1979,116.635178
Tunisia,1980,118.228497
Tunisia,1981,113.917342
Tunisia,1982,108.418466
Tunisia,1983,116.550904
Tunisia,1984,115.139891
Tunisia,1985,113.938411
Tunisia,1986,110.609589
Tunisia,1987,105.616521
Tunisia,1988,103.886667
Tunisia,1989,104.708575
Tunisia,1990,101.749534
Tunisia,1991,116.600712
Tunisia,1992,116.62377
Tunisia,1993,105.947616
Tunisia,1994,97.634603
Tunisia,1995,95.221781
Tunisia,1996,94.242596
Tunisia,1997,89.609315
Tunisia,1998,87.521205
Tunisia,1999,90.178356
Tunisia,2000,82.39612
Tunisia,2001,76.117151
Tunisia,2002,79.554521
Tunisia,2003,72.794466
Tunisia,2004,74.821749
Tunisia,2005,78.372548
Tunisia,2006,75.651123
Tunisia,2007,104.201699
Tunisia,2008,95.718852
Tunisia,2009,91.292219
Tunisia,2010,82.898849
Tunisia,2011,76.557452
Tunisia,2012,82.152213
Tunisia,2013,76.245973
Tunisia,2014,71.020384
Tunisia,2015,63.63463
Tunisia,2016,59.716913
Tunisia,2017,48.086
Tunisia,2018,50.17622
Tunisia,2019,50.17622
Tunisia,2019,0.0
Tunisia,2019,0.000527
Other Africa,1965,2.139014
Other Africa,1966,2.139014
Other Africa,1967,2.055945
Other Africa,1968,1.843224
Other Africa,1969,1.204493
Other Africa,1970,0.913753
Other Africa,1971,0.477644
Other Africa,1972,0.579891
Other Africa,1973,0.872219
Other Africa,1974,0.519178
Other Africa,1975,0.415342
Other Africa,1976,25.186393
Other Africa,1977,24.207507
Other Africa,1978,30.844301
Other Africa,1979,54.995151
Other Africa,1980,77.540027
Other Africa,1981,119.132438
Other Africa,1982,149.311644
Other Africa,1983,163.013644
Other Africa,1984,205.293142
Other Africa,1985,241.475726
Other Africa,1986,232.711589
Other Africa,1987,218.846795
Other Africa,1988,211.120464
Other Africa,1989,195.840055
Other Africa,1990,189.852274
Other Africa,1991,175.958164
Other Africa,1992,163.12306
Other Africa,1993,166.272384
Other Africa,1994,157.146356
Other Africa,1995,157.170521
Other Africa,1996,171.870464
Other Africa,1997,188.14011
Other Africa,1998,167.548438
Other Africa,1999,150.512438
Other Africa,2000,145.081257
Other Africa,2001,136.242603
Other Africa,2002,136.363901
Other Africa,2003,140.257485
Other Africa,2004,172.671508
Other Africa,2005,177.196569
Other Africa,2006,227.043932
Other Africa,2007,191.118316
Other Africa,2008,183.727951
Other Africa,2009,181.477376
Other Africa,2010,148.812005
Other Africa,2011,197.946222
Other Africa,2012,195.997984
Other Africa,2013,225.378471
Other Africa,2014,234.051721
Other Africa,2015,272.617381
Other Africa,2016,254.889685
Other Africa,2017,300.197139
Other Africa,2018,299.81266
Other Africa,2019,317.270253
Other Africa,2019,0.058228
Other Africa,2019,0.003333
Total Africa,1965,2232.302521
Total Africa,1966,2842.279918
Total Africa,1967,3133.462822
Total Africa,1968,4006.778033
Total Africa,1969,5087.143945
Total Africa,1970,6113.290986
Total Africa,1971,5694.157068
Total Africa,1972,5712.108607
Total Africa,1973,6000.221315
Total Africa,1974,5517.01463
Total Africa,1975,5067.947644
Total Africa,1976,6028.478
Total Africa,1977,6340.133164
Total Africa,1978,6189.225562
Total Africa,1979,6800.796164
Total Africa,1980,6219.397284
Total Africa,1981,4961.048082
Total Africa,1982,4785.672466
Total Africa,1983,4844.915205
Total Africa,1984,5163.733962
Total Africa,1985,5368.781384
Total Africa,1986,5370.671
Total Africa,1987,5398.806973
Total Africa,1988,5624.676678
Total Africa,1989,6214.193151
Total Africa,1990,6666.649329
Total Africa,1991,6911.501726
Total Africa,1992,7018.761284
Total Africa,1993,6955.250603
Total Africa,1994,6944.644726
Total Africa,1995,7050.249178
Total Africa,1996,7264.545251
Total Africa,1997,7465.628562
Total Africa,1998,7493.907699
Total Africa,1999,7299.874315
Total Africa,2000,7788.485708
Total Africa,2001,7745.296477
Total Africa,2002,7811.971163
Total Africa,2003,8484.89436
Total Africa,2004,9392.358652
Total Africa,2005,9777.429386
Total Africa,2006,9999.557479
Total Africa,2007,10226.325569
Total Africa,2008,10299.355377
Total Africa,2009,9923.359484
Total Africa,2010,10227.08456
Total Africa,2011,8520.246497
Total Africa,2012,9270.235615
Total Africa,2013,8607.371811
Total Africa,2014,8215.959265
Total Africa,2015,8128.756093
Total Africa,2016,7652.518349
Total Africa,2017,8108.830644
Total Africa,2018,8308.153975
Total Africa,2019,8398.526058
Total Africa,2019,0.010878
Total Africa,2019,0.088227
Australia,1965,7.0
Australia,1966,9.0
Australia,1967,21.0
Australia,1968,39.0
Australia,1969,45.0
Australia,1970,176.0
Australia,1971,315.0
Australia,1972,337.0
Australia,1973,424.0
Australia,1974,420.0
Australia,1975,451.0
Australia,1976,461.0
Australia,1977,490.0
Australia,1978,490.0
Australia,1979,491.0
Australia,1980,460.0
Australia,1981,449.0
Australia,1982,443.0
Australia,1983,431.0
Australia,1984,562.766719
Australia,1985,655.20118
Australia,1986,588.21745
Australia,1987,623.407079
Australia,1988,592.689365
Australia,1989,562.355655
Australia,1990,647.179383
Australia,1991,613.085038
Australia,1992,605.02909
Australia,1993,567.785249
Australia,1994,609.991305
Australia,1995,578.842858
Australia,1996,611.572957
Australia,1997,658.270201
Australia,1998,630.098802
Australia,1999,612.483626
Australia,2000,805.598262
Australia,2001,747.974991
Australia,2002,748.868155
Australia,2003,654.850084
Australia,2004,574.03451
Australia,2005,569.814669
Australia,2006,531.647273
Australia,2007,549.406424
Australia,2008,537.793484
Australia,2009,507.194859
Australia,2010,547.840291
Australia,2011,482.569997
Australia,2012,478.628953
Australia,2013,406.877976
Australia,2014,435.85005
Australia,2015,384.277989
Australia,2016,361.057546
Australia,2017,348.138174
Australia,2018,355.727294
Australia,2019,490.493233
Australia,2019,0.378846
Australia,2019,0.005153
Brunei,1965,80.0
Brunei,1966,96.0
Brunei,1967,104.0
Brunei,1968,122.0
Brunei,1969,124.0
Brunei,1970,136.0
Brunei,1971,129.0
Brunei,1972,182.0
Brunei,1973,231.0
Brunei,1974,198.0
Brunei,1975,187.0
Brunei,1976,217.0
Brunei,1977,227.0
Brunei,1978,240.0
Brunei,1979,261.0
Brunei,1980,240.0
Brunei,1981,175.0
Brunei,1982,179.0
Brunei,1983,179.0
Brunei,1984,172.0
Brunei,1985,168.0
Brunei,1986,165.0
Brunei,1987,155.0
Brunei,1988,150.0
Brunei,1989,150.0
Brunei,1990,152.0
Brunei,1991,164.0
Brunei,1992,182.0
Brunei,1993,175.0
Brunei,1994,179.0
Brunei,1995,175.0
Brunei,1996,165.0
Brunei,1997,163.0
Brunei,1998,157.0
Brunei,1999,182.0
Brunei,2000,193.0
Brunei,2001,203.0
Brunei,2002,210.0
Brunei,2003,214.0
Brunei,2004,210.444161
Brunei,2005,206.024125
Brunei,2006,220.748914
Brunei,2007,194.212346
Brunei,2008,174.795653
Brunei,2009,168.356335
Brunei,2010,172.188306
Brunei,2011,165.362116
Brunei,2012,159.031576
Brunei,2013,135.156397
Brunei,2014,126.420744
Brunei,2015,126.754156
Brunei,2016,120.908992
Brunei,2017,113.171604
Brunei,2018,111.502722
Brunei,2019,121.293961
Brunei,2019,0.087812
Brunei,2019,0.001274
China,1965,227.129589
China,1966,292.19589
China,1967,278.740822
China,1968,320.236885
China,1969,436.586849
China,1970,615.519178
China,1971,791.439178
China,1972,914.647814
China,1973,1076.606301
China,1974,1302.330137
China,1975,1547.533699
China,1976,1745.581421
China,1977,1880.496438
China,1978,2089.552055
China,1979,2131.724658
China,1980,2121.894809
China,1981,2032.719452
China,1982,2050.793425
China,1983,2130.118082
China,1984,2295.331421
China,1985,2508.265753
China,1986,2624.541644
China,1987,2693.825205
China,1988,2744.744536
China,1989,2764.112877
China,1990,2777.567945
China,1991,2831.388219
China,1992,2844.680874
China,1993,2892.438082
China,1994,2933.606575
China,1995,2992.648219
China,1996,3174.731148
China,1997,3215.76137
China,1998,3216.765479
China,1999,3217.568767
China,2000,3256.843169
China,2001,3310.147671
China,2002,3351.035014
China,2003,3405.638493
China,2004,3485.775492
China,2005,3641.963718
China,2006,3710.500222
China,2007,3741.677825
China,2008,3813.995268
China,2009,3805.374521
China,2010,4076.966082
China,2011,4074.184699
China,2012,4155.228798
China,2013,4216.442628
China,2014,4245.957726
China,2015,4308.835068
China,2016,3999.155874
China,2017,3845.860219
China,2018,3797.662959
China,2019,3835.979781
China,2019,0.01009
China,2019,0.040297
India,1965,62.344274
India,1966,95.868247
India,1967,116.910986
India,1968,120.418279
India,1969,138.696411
India,1970,140.470603
India,1971,148.227534
India,1972,151.69041
India,1973,148.495726
India,1974,154.519726
India,1975,170.879425
India,1976,178.148279
India,1977,210.117945
India,1978,232.522274
India,1979,264.870329
India,1980,193.372869
India,1981,309.493836
India,1982,411.786904
India,1983,525.417096
India,1984,582.959262
India,1985,626.884932
India,1986,657.55126
India,1987,639.058795
India,1988,672.095628
India,1989,719.206712
India,1990,714.542
India,1991,676.957562
India,1992,615.055792
India,1993,590.308055
India,1994,683.66274
India,1995,773.862575
India,1996,736.105929
India,1997,753.692877
India,1998,736.826247
India,1999,736.236822
India,2000,725.567541
India,2001,729.663452
India,2002,753.251397
India,2003,761.240493
India,2004,777.02194
India,2005,755.115205
India,2006,777.660932
India,2007,785.713041
India,2008,818.103142
India,2009,837.676759
India,2010,901.385222
India,2011,936.791965
India,2012,925.708892
India,2013,925.89202
India,2014,905.390722
India,2015,893.455842
India,2016,873.920051
India,2017,884.65999
India,2018,869.332153
India,2019,826.417829
India,2019,-0.049365
India,2019,0.008682
Indonesia,1965,486.0
Indonesia,1966,474.0
Indonesia,1967,510.0
Indonesia,1968,599.0
Indonesia,1969,642.0
Indonesia,1970,854.0
Indonesia,1971,892.0
Indonesia,1972,1081.0
Indonesia,1973,1338.0
Indonesia,1974,1375.0
Indonesia,1975,1306.0
Indonesia,1976,1504.0
Indonesia,1977,1685.0
Indonesia,1978,1635.0
Indonesia,1979,1590.0
Indonesia,1980,1577.0
Indonesia,1981,1602.0
Indonesia,1982,1337.0
Indonesia,1983,1419.0
Indonesia,1984,1505.0
Indonesia,1985,1342.0
Indonesia,1986,1429.0
Indonesia,1987,1420.0
Indonesia,1988,1373.0
Indonesia,1989,1481.0
Indonesia,1990,1539.0
Indonesia,1991,1669.0
Indonesia,1992,1579.0
Indonesia,1993,1588.0
Indonesia,1994,1589.0
Indonesia,1995,1578.0
Indonesia,1996,1580.0
Indonesia,1997,1557.0
Indonesia,1998,1520.0
Indonesia,1999,1408.0
Indonesia,2000,1455.573014
Indonesia,2001,1387.039711
Indonesia,2002,1289.456524
Indonesia,2003,1175.551088
Indonesia,2004,1129.709463
Indonesia,2005,1095.687123
Indonesia,2006,1017.758567
Indonesia,2007,971.753735
Indonesia,2008,1005.638499
Indonesia,2009,994.27064
Indonesia,2010,1003.017586
Indonesia,2011,952.284733
Indonesia,2012,917.010033
Indonesia,2013,882.976398
Indonesia,2014,847.037507
Indonesia,2015,837.646556
Indonesia,2016,875.751868
Indonesia,2017,837.971578
Indonesia,2018,808.483393
Indonesia,2019,781.378947
Indonesia,2019,-0.033525
Indonesia,2019,0.008208
Malaysia,1965,1.0
Malaysia,1966,1.0
Malaysia,1967,1.0
Malaysia,1968,4.0
Malaysia,1969,9.0
Malaysia,1970,18.0
Malaysia,1971,69.0
Malaysia,1972,93.0
Malaysia,1973,91.0
Malaysia,1974,81.0
Malaysia,1975,98.0
Malaysia,1976,167.0
Malaysia,1977,183.0
Malaysia,1978,216.0
Malaysia,1979,282.0
Malaysia,1980,276.0
Malaysia,1981,259.0
Malaysia,1982,304.0
Malaysia,1983,385.0
Malaysia,1984,446.0
Malaysia,1985,445.0
Malaysia,1986,500.0
Malaysia,1987,494.0
Malaysia,1988,540.0
Malaysia,1989,589.0
Malaysia,1990,622.0
Malaysia,1991,648.0
Malaysia,1992,657.0
Malaysia,1993,645.0
Malaysia,1994,657.0
Malaysia,1995,704.0
Malaysia,1996,716.0
Malaysia,1997,714.0
Malaysia,1998,725.0
Malaysia,1999,691.0
Malaysia,2000,723.612363
Malaysia,2001,703.769995
Malaysia,2002,741.363414
Malaysia,2003,760.777325
Malaysia,2004,776.951706
Malaysia,2005,741.541813
Malaysia,2006,696.796039
Malaysia,2007,725.47027
Malaysia,2008,727.170166
Malaysia,2009,688.024617
Malaysia,2010,732.652542
Malaysia,2011,659.344157
Malaysia,2012,662.626225
Malaysia,2013,627.016169
Malaysia,2014,648.824388
Malaysia,2015,696.323797
Malaysia,2016,726.090513
Malaysia,2017,718.087058
Malaysia,2018,707.175673
Malaysia,2019,650.514544
Malaysia,2019,-0.080123
Malaysia,2019,0.006834
Thailand,1981,1.6
Thailand,1982,5.9
Thailand,1983,13.3
Thailand,1984,23.8
Thailand,1985,48.5
Thailand,1986,48.447165
Thailand,1987,44.77598
Thailand,1988,50.967261
Thailand,1989,48.906994
Thailand,1990,59.775437
Thailand,1991,70.987105
Thailand,1992,83.563466
Thailand,1993,86.86063
Thailand,1994,86.233627
Thailand,1995,84.794025
Thailand,1996,95.958651
Thailand,1997,109.432991
Thailand,1998,113.454644
Thailand,1999,122.802414
Thailand,2000,185.781392
Thailand,2001,205.598589
Thailand,2002,221.562534
Thailand,2003,254.727788
Thailand,2004,251.175643
Thailand,2005,309.567032
Thailand,2006,336.04024
Thailand,2007,353.748911
Thailand,2008,370.811409
Thailand,2009,385.271842
Thailand,2010,393.366178
Thailand,2011,429.005587
Thailand,2012,470.764136
Thailand,2013,465.578216
Thailand,2014,463.896176
Thailand,2015,480.666103
Thailand,2016,488.543764
Thailand,2017,486.339154
Thailand,2018,477.584675
Thailand,2019,477.073398
Thailand,2019,-0.001071
Thailand,2019,0.005012
Vietnam,1987,5.676712
Vietnam,1988,13.95082
Vietnam,1989,30.208219
Vietnam,1990,54.739726
Vietnam,1991,80.284932
Vietnam,1992,111.0
Vietnam,1993,127.726027
Vietnam,1994,143.945205
Vietnam,1995,154.487671
Vietnam,1996,177.984153
Vietnam,1997,204.564384
Vietnam,1998,253.424658
Vietnam,1999,308.509041
Vietnam,2000,337.52623
Vietnam,2001,349.661918
Vietnam,2002,352.971507
Vietnam,2003,370.131507
Vietnam,2004,416.90765
Vietnam,2005,387.212603
Vietnam,2006,351.567123
Vietnam,2007,331.692055
Vietnam,2008,309.578142
Vietnam,2009,339.881644
Vietnam,2010,312.084384
Vietnam,2011,315.765753
Vietnam,2012,346.717568
Vietnam,2013,346.468685
Vietnam,2014,325.046027
Vietnam,2015,351.565479
Vietnam,2016,317.360929
Vietnam,2017,284.371644
Vietnam,2018,256.668219
Vietnam,2019,236.444932
Vietnam,2019,-0.078792
Vietnam,2019,0.002484
Other Asia Pacific,1965,35.113973
Other Asia Pacific,1966,34.085479
Other Asia Pacific,1967,31.085479
Other Asia Pacific,1968,35.113661
Other Asia Pacific,1969,36.427397
Other Asia Pacific,1970,39.505315
Other Asia Pacific,1971,42.417534
Other Asia Pacific,1972,44.299672
Other Asia Pacific,1973,47.056027
Other Asia Pacific,1974,47.37996
Other Asia Pacific,1975,47.636559
Other Asia Pacific,1976,62.146372
Other Asia Pacific,1977,72.561981
Other Asia Pacific,1978,72.415824
Other Asia Pacific,1979,92.681328
Other Asia Pacific,1980,77.522415
Other Asia Pacific,1981,78.442233
Other Asia Pacific,1982,85.531307
Other Asia Pacific,1983,90.851268
Other Asia Pacific,1984,103.948013
Other Asia Pacific,1985,123.871833
Other Asia Pacific,1986,127.07856
Other Asia Pacific,1987,121.209704
Other Asia Pacific,1988,125.495897
Other Asia Pacific,1989,134.802331
Other Asia Pacific,1990,145.163928
Other Asia Pacific,1991,148.917536
Other Asia Pacific,1992,205.022652
Other Asia Pacific,1993,276.766257
Other Asia Pacific,1994,259.305985
Other Asia Pacific,1995,229.463301
Other Asia Pacific,1996,244.528224
Other Asia Pacific,1997,226.582465
Other Asia Pacific,1998,217.388067
Other Asia Pacific,1999,219.860651
Other Asia Pacific,2000,199.730916
Other Asia Pacific,2001,196.063324
Other Asia Pacific,2002,200.038016
Other Asia Pacific,2003,195.255403
Other Asia Pacific,2004,237.187112
Other Asia Pacific,2005,287.504007
Other Asia Pacific,2006,306.485654
Other Asia Pacific,2007,320.901117
Other Asia Pacific,2008,341.69905
Other Asia Pacific,2009,331.406857
Other Asia Pacific,2010,318.037612
Other Asia Pacific,2011,302.316626
Other Asia Pacific,2012,291.335352
Other Asia Pacific,2013,274.443853
Other Asia Pacific,2014,296.429366
Other Asia Pacific,2015,297.776211
Other Asia Pacific,2016,280.651741
Other Asia Pacific,2017,273.02045
Other Asia Pacific,2018,233.338456
Other Asia Pacific,2019,230.239376
Other Asia Pacific,2019,-0.013281
Other Asia Pacific,2019,0.002419
Total Asia Pacific,1965,898.587836
Total Asia Pacific,1966,1002.149616
Total Asia Pacific,1967,1062.737288
Total Asia Pacific,1968,1239.768825
Total Asia Pacific,1969,1431.710658
Total Asia Pacific,1970,1979.495096
Total Asia Pacific,1971,2387.084247
Total Asia Pacific,1972,2803.637896
Total Asia Pacific,1973,3356.158055
Total Asia Pacific,1974,3578.229823
Total Asia Pacific,1975,3808.049682
Total Asia Pacific,1976,4334.876071
Total Asia Pacific,1977,4748.176365
Total Asia Pacific,1978,4975.490152
Total Asia Pacific,1979,5113.276314
Total Asia Pacific,1980,4945.790093
Total Asia Pacific,1981,4907.25552
Total Asia Pacific,1982,4817.011635
Total Asia Pacific,1983,5173.686446
Total Asia Pacific,1984,5691.805415
Total Asia Pacific,1985,5917.723698
Total Asia Pacific,1986,6139.836078
Total Asia Pacific,1987,6196.953475
Total Asia Pacific,1988,6262.943507
Total Asia Pacific,1989,6479.592788
Total Asia Pacific,1990,6711.968419
Total Asia Pacific,1991,6902.62039
Total Asia Pacific,1992,6882.351874
Total Asia Pacific,1993,6949.8843
Total Asia Pacific,1994,7141.745438
Total Asia Pacific,1995,7271.09865
Total Asia Pacific,1996,7501.881062
Total Asia Pacific,1997,7602.304287
Total Asia Pacific,1998,7569.957897
Total Asia Pacific,1999,7498.461321
Total Asia Pacific,2000,7883.232887
Total Asia Pacific,2001,7832.919651
Total Asia Pacific,2002,7868.546562
Total Asia Pacific,2003,7792.172181
Total Asia Pacific,2004,7859.207677
Total Asia Pacific,2005,7994.430295
Total Asia Pacific,2006,7949.204963
Total Asia Pacific,2007,7974.575723
Total Asia Pacific,2008,8099.584812
Total Asia Pacific,2009,8057.458073
Total Asia Pacific,2010,8457.538203
Total Asia Pacific,2011,8317.625633
Total Asia Pacific,2012,8407.051533
Total Asia Pacific,2013,8280.852342
Total Asia Pacific,2014,8294.852708
Total Asia Pacific,2015,8377.301201
Total Asia Pacific,2016,8043.441278
Total Asia Pacific,2017,7791.619871
Total Asia Pacific,2018,7617.475544
Total Asia Pacific,2019,7649.836002
Total Asia Pacific,2019,0.004248
Total Asia Pacific,2019,0.080362
Total World,1965,31791.906986
Total World,1966,34560.929416
Total World,1967,37103.661353
Total World,1968,40418.298858
Total World,1969,43648.661455
Total World,1970,48074.783538
Total World,1971,50785.244492
Total World,1972,53553.865181
Total World,1973,58551.798401
Total World,1974,58671.083208
Total World,1975,55810.762122
Total World,1976,60440.187744
Total World,1977,62740.326862
Total World,1978,63322.354065
Total World,1979,66067.416017
Total World,1980,62942.090023
Total World,1981,59527.064201
Total World,1982,57270.879336
Total World,1983,56591.867336
Total World,1984,57640.156616
Total World,1985,57344.651073
Total World,1986,60175.812863
Total World,1987,60406.334443
Total World,1988,62840.499299
Total World,1989,63791.559931
Total World,1990,65021.882771
Total World,1991,64865.485032
Total World,1992,65703.967849
Total World,1993,65892.139448
Total World,1994,66876.924334
Total World,1995,67840.996869
Total World,1996,69478.078351
Total World,1997,71252.61009
Total World,1998,73017.354584
Total World,1999,71518.256006
Total World,2000,74717.784741
Total World,2001,74942.963096
Total World,2002,74144.969463
Total World,2003,77305.050941
Total World,2004,80979.161537
Total World,2005,81951.572135
Total World,2006,82711.274355
Total World,2007,82569.676988
Total World,2008,83234.064897
Total World,2009,81577.584192
Total World,2010,83409.283677
Total World,2011,84156.759901
Total World,2012,86366.038486
Total World,2013,86794.167982
Total World,2014,88909.979619
Total World,2015,91732.644586
Total World,2016,92072.426308
Total World,2017,92797.834745
Total World,2018,95254.091611
Total World,2019,95192.450728
Total World,2019,-0.000647
Total World,2019,1.0
of which: OECD,1965,10815.182082
of which: OECD,1966,11478.425663
of which: OECD,1967,12272.862559
of which: OECD,1968,12795.331945
of which: OECD,1969,13169.780003
of which: OECD,1970,13951.936863
of which: OECD,1971,14044.742997
of which: OECD,1972,14377.016432
of which: OECD,1973,14530.190937
of which: OECD,1974,14055.227955
of which: OECD,1975,13698.44946
of which: OECD,1976,13686.013563
of which: OECD,1977,14586.835685
of which: OECD,1978,15625.405983
of which: OECD,1979,16558.273459
of which: OECD,1980,17186.818792
of which: OECD,1981,17646.11863
of which: OECD,1982,18460.268164
of which: OECD,1983,18938.034835
of which: OECD,1984,19790.51479
of which: OECD,1985,20119.882588
of which: OECD,1986,19656.757131
of which: OECD,1987,19727.820681
of which: OECD,1988,19567.009235
of which: OECD,1989,18806.386836
of which: OECD,1990,18844.810251
of which: OECD,1991,19412.395402
of which: OECD,1992,19593.361406
of which: OECD,1993,19697.076571
of which: OECD,1994,20563.933282
of which: OECD,1995,20760.819351
of which: OECD,1996,21380.651615
of which: OECD,1997,21686.744347
of which: OECD,1998,21542.014073
of which: OECD,1999,21152.651731
of which: OECD,2000,21722.799797
of which: OECD,2001,21578.202608
of which: OECD,2002,21642.838904
of which: OECD,2003,21350.354423
of which: OECD,2004,20959.009692
of which: OECD,2005,20039.800795
of which: OECD,2006,19597.208617
of which: OECD,2007,19275.234484
of which: OECD,2008,18560.190163
of which: OECD,2009,18569.593838
of which: OECD,2010,18670.98944
of which: OECD,2011,18712.696104
of which: OECD,2012,19630.4622
of which: OECD,2013,20779.796478
of which: OECD,2014,22748.813385
of which: OECD,2015,23781.445129
of which: OECD,2016,23309.941821
of which: OECD,2017,24193.350757
of which: OECD,2018,26682.448142
of which: OECD,2019,28381.189206
of which: OECD,2019,0.063665
of which: OECD,2019,0.298145
Non-OECD,1965,20976.724904
Non-OECD,1966,23082.503753
Non-OECD,1967,24830.798795
Non-OECD,1968,27622.966913
Non-OECD,1969,30478.881452
Non-OECD,1970,34122.846675
Non-OECD,1971,36740.501495
Non-OECD,1972,39176.84875
Non-OECD,1973,44021.607464
Non-OECD,1974,44615.855253
Non-OECD,1975,42112.312662
Non-OECD,1976,46754.174182
Non-OECD,1977,48153.491177
Non-OECD,1978,47696.948083
Non-OECD,1979,49509.142557
Non-OECD,1980,45755.271231
Non-OECD,1981,41880.945571
Non-OECD,1982,38810.611171
Non-OECD,1983,37653.832501
Non-OECD,1984,37849.641827
Non-OECD,1985,37224.768485
Non-OECD,1986,40519.055732
Non-OECD,1987,40678.513761
Non-OECD,1988,43273.490064
Non-OECD,1989,44985.173094
Non-OECD,1990,46177.07252
Non-OECD,1991,45453.08963
Non-OECD,1992,46110.606444
Non-OECD,1993,46195.062877
Non-OECD,1994,46312.991052
Non-OECD,1995,47080.177517
Non-OECD,1996,48097.426736
Non-OECD,1997,49565.865743
Non-OECD,1998,51475.340511
Non-OECD,1999,50365.604275
Non-OECD,2000,52994.984944
Non-OECD,2001,53364.760488
Non-OECD,2002,52502.130559
Non-OECD,2003,55954.696518
Non-OECD,2004,60020.151845
Non-OECD,2005,61911.77134
Non-OECD,2006,63114.065738
Non-OECD,2007,63294.442504
Non-OECD,2008,64673.874734
Non-OECD,2009,63007.990354
Non-OECD,2010,64738.294237
Non-OECD,2011,65444.063796
Non-OECD,2012,66735.576286
Non-OECD,2013,66014.371504
Non-OECD,2014,66161.166234
Non-OECD,2015,67951.199457
Non-OECD,2016,68762.484488
Non-OECD,2017,68604.483988
Non-OECD,2018,68571.643469
Non-OECD,2019,66811.261522
Non-OECD,2019,-0.025672
Non-OECD,2019,0.701855
OPEC,1965,13708.653096
OPEC,1966,15117.985589
OPEC,1967,16117.730466
OPEC,1968,17992.004508
OPEC,1969,20009.675534
OPEC,1970,22527.190137
OPEC,1971,24335.083781
OPEC,1972,25935.969344
OPEC,1973,29647.887397
OPEC,1974,29457.956521
OPEC,1975,25994.555288
OPEC,1976,29400.16023
OPEC,1977,29830.39337
OPEC,1978,28436.665466
OPEC,1979,29762.302562
OPEC,1980,25775.380415
OPEC,1981,21687.232548
OPEC,1982,18614.062356
OPEC,1983,16866.290329
OPEC,1984,16420.978066
OPEC,1985,15730.93674
OPEC,1986,18189.285027
OPEC,1987,17980.012712
OPEC,1988,20366.153661
OPEC,1989,21928.724973
OPEC,1990,23487.167849
OPEC,1991,23595.347836
OPEC,1992,25377.691011
OPEC,1993,26128.770575
OPEC,1994,26672.272932
OPEC,1995,27047.933575
OPEC,1996,27685.24997
OPEC,1997,28630.804283
OPEC,1998,30286.877544
OPEC,1999,28882.584557
OPEC,2000,30545.659368
OPEC,2001,30155.661754
OPEC,2002,28309.766384
OPEC,2003,30674.710257
OPEC,2004,33712.324843
OPEC,2005,34722.776829
OPEC,2006,35221.064055
OPEC,2007,34885.273483
OPEC,2008,35867.496575
OPEC,2009,33590.057216
OPEC,2010,34271.740393
OPEC,2011,34905.018007
OPEC,2012,36357.734726
OPEC,2013,35299.779953
OPEC,2014,35262.064074
OPEC,2015,36676.776306
OPEC,2016,37799.180782
OPEC,2017,37768.718159
OPEC,2018,37563.476505
OPEC,2019,35566.321009
OPEC,2019,-0.053167
OPEC,2019,0.373625
Non-OPEC,1965,18083.25389
Non-OPEC,1966,19442.943827
Non-OPEC,1967,20985.930888
Non-OPEC,1968,22426.29435
Non-OPEC,1969,23638.985921
Non-OPEC,1970,25547.593401
Non-OPEC,1971,26450.160711
Non-OPEC,1972,27617.895837
Non-OPEC,1973,28903.911004
Non-OPEC,1974,29213.126687
Non-OPEC,1975,29816.206834
Non-OPEC,1976,31040.027515
Non-OPEC,1977,32909.933492
Non-OPEC,1978,34885.6886
Non-OPEC,1979,36305.113455
Non-OPEC,1980,37166.709607
Non-OPEC,1981,37839.831653
Non-OPEC,1982,38656.816979
Non-OPEC,1983,39725.577007
Non-OPEC,1984,41219.178551
Non-OPEC,1985,41613.714334
Non-OPEC,1986,41986.527836
Non-OPEC,1987,42426.32173
Non-OPEC,1988,42474.345638
Non-OPEC,1989,41862.834958
Non-OPEC,1990,41534.714921
Non-OPEC,1991,41270.137196
Non-OPEC,1992,40326.276838
Non-OPEC,1993,39763.368872
Non-OPEC,1994,40204.651402
Non-OPEC,1995,40793.063294
Non-OPEC,1996,41792.828382
Non-OPEC,1997,42621.805806
Non-OPEC,1998,42730.47704
Non-OPEC,1999,42635.671449
Non-OPEC,2000,44172.125373
Non-OPEC,2001,44787.301342
Non-OPEC,2002,45835.203079
Non-OPEC,2003,46630.340684
Non-OPEC,2004,47266.836694
Non-OPEC,2005,47228.795305
Non-OPEC,2006,47490.2103
Non-OPEC,2007,47684.403505
Non-OPEC,2008,47366.568322
Non-OPEC,2009,47987.526975
Non-OPEC,2010,49137.543284
Non-OPEC,2011,49251.741894
Non-OPEC,2012,50008.30376
Non-OPEC,2013,51494.388029
Non-OPEC,2014,53647.915545
Non-OPEC,2015,55055.86828
Non-OPEC,2016,54273.245527
Non-OPEC,2017,55029.116586
Non-OPEC,2018,57690.615106
Non-OPEC,2019,59626.129719
Non-OPEC,2019,0.03355
Non-OPEC,2019,0.626375
European Union #,1965,698.837479
European Union #,1966,697.254964
European Union #,1967,704.55634
European Union #,1968,702.268344
European Union #,1969,698.214825
European Union #,1970,693.510753
European Union #,1971,676.692216
European Union #,1972,668.38606
European Union #,1973,673.855321
European Union #,1974,686.331748
European Union #,1975,713.790737
European Union #,1976,929.002126
European Union #,1977,1462.456101
European Union #,1978,1774.077967
European Union #,1979,2247.273214
European Union #,1980,2284.394038
European Union #,1981,2480.496438
European Union #,1982,2830.363734
European Union #,1983,3143.406279
European Union #,1984,3377.310137
European Union #,1985,3444.852789
European Union #,1986,3458.19803
European Union #,1987,3397.350444
European Union #,1988,3209.209123
European Union #,1989,2724.146225
European Union #,1990,2720.537367
European Union #,1991,2706.021323
European Union #,1992,2760.692844
European Union #,1993,2895.846027
European Union #,1994,3492.032666
European Union #,1995,3549.852362
European Union #,1996,3530.217541
European Union #,1997,3507.814482
European Union #,1998,3625.518625
European Union #,1999,3753.247926
European Union #,2000,3561.869346
European Union #,2001,3343.812895
European Union #,2002,3397.365967
European Union #,2003,3181.313359
European Union #,2004,2951.001206
European Union #,2005,2704.984359
European Union #,2006,2465.969004
European Union #,2007,2418.95331
European Union #,2008,2263.078296
European Union #,2009,2123.567876
European Union #,2010,1983.85062
European Union #,2011,1713.546394
European Union #,2012,1519.385669
European Union #,2013,1425.475378
European Union #,2014,1406.000018
European Union #,2015,1498.895276
European Union #,2016,1485.330445
European Union #,2017,1470.107386
European Union #,2018,1540.008181
European Union #,2019,1531.293272
European Union #,2019,-0.005659
European Union #,2019,0.016086
